베이스라인명: LaMMA-P,Task,FloorPlan,실험 날짜,Success Rate,Coverage,Transport Rate,Exec,Balance,Step,Makespan,Makespan(time),Token(total),Token(input),1열,Token(output),로봇 수 / 피드백 루프 허용 수,실패 원인,,,,,,,,,,,,,,,,,,,
,1_put_bread_lettuce_tomato_fridge,FloorPlan1,2026. 4. 1,TRUE,1,1,1,0.5,16,8,248.6,,,1,,3대 / 2번,,,,,,,,,,,,,,,,,,,,
,,,,,,,,,,,,,,,,3대 / 2번,,,,,,,,,,,,,,,,,,,,
,,,,,,,,,,,,,,,,3대 / 2번,,,,,,,,,,,,,,,,,,,,
,,,,,,,,,,,,,,,,3대 / 2번,,,,,,,,,,,,,,,,,,,,
,,,,,,,,,,,,,,,,3대 / 2번,,,,,,,,,,,,,,,,,,,,
,1_put_computer_book_remotecontrol_sofa,FloorPlan201,2026. 4. 1,TRUE,1,1,1,1,12,4,87.3,,,1,,3대 / 2번,,,,,,,,,,,,,,,,,,,,
,,,,,,,,,,,,,,,,3대 / 2번,,,,,,,,,,,,,,,,,,,,
,,,,,,,,,,,,,,,,3대 / 2번,,,,,,,,,,,,,,,,,,,,
,,,,,,,,,,,,,,,,3대 / 2번,,,,,,,,,,,,,,,,,,,,
,,,,,,,,,,,,,,,,3대 / 2번,,,,,,,,,,,,,,,,,,,,
,1_put_knife_bowl_mug_countertop,FloorPlan1,2026. 4. 1,FALSE,0,0,0,0,0,0,0,,,0,,3대 / 2번,,,,,,,,,,,,,,,,,,,,
,,,,,,,,,,,,,,,,3대 / 2번,,,,,,,,,,,,,,,,,,,,
,,,,,,,,,,,,,,,,3대 / 2번,,,,,,,,,,,,,,,,,,,,
,,,,,,,,,,,,,,,,3대 / 2번,,,,,,,,,,,,,,,,,,,,
,,,,,,,,,,,,,,,,3대 / 2번,,,,,,,,,,,,,,,,,,,,
,1_put_plate_mug_bowl_fridge,FloorPlan1,2026. 4. 1,TRUE,1,1,1,0.75,24,8,594.1,,,1,,3대 / 2번,피드백 돔,,,,,,,,,,,,,,,,,,,
,,,,,,,,,,,,,,,,3대 / 2번,,,,,,,,,,,,,,,,,,,,
,,,,,,,,,,,,,,,,3대 / 2번,,,,,,,,,,,,,,,,,,,,
,,,,,,,,,,,,,,,,3대 / 2번,,,,,,,,,,,,,,,,,,,,
,,,,,,,,,,,,,,,,3대 / 2번,,,,,,,,,,,,,,,,,,,,
,1_put_remotecontrol_keys_watch_box,FloorPlan201,2026. 4. 1,FALSE,0,0,0,0,0,0,2.5,,,0,,3대 / 2번,피드백 돔,,,,,,,,,,,,,,,,,,,
,,,,,,,,,,,,,,,,3대 / 2번,,,,,,,,,,,,,,,,,,,,
,,,,,,,,,,,,,,,,3대 / 2번,,,,,,,,,,,,,,,,,,,,
,,,,,,,,,,,,,,,,3대 / 2번,,,,,,,,,,,,,,,,,,,,
,,,,,,,,,,,,,,,,3대 / 2번,,,,,,,,,,,,,,,,,,,,
,,,,,,,,,,,,,,,,3대 / 2번,,,,,,,,,,,,,,,,,,,,
,,,,,,,,,,,,,,,,3대 / 2번,,,,,,,,,,,,,,,,,,,,
,,,,,,,,,,,,,,,,3대 / 2번,,,,,,,,,,,,,,,,,,,,
,1_put_vase_tissuebox_remotecontrol_table,FloorPlan201,2026. 4. 1,TRUE,1,1,1,1,12,4,91.8,,,1,,3대 / 2번,,,,,,,,,,,,,,,,,,,,
,,,,,,,,,,,,,,,,3대 / 2번,,,,,,,,,,,,,,,,,,,,
,,,,,,,,,,,,,,,,3대 / 2번,,,,,,,,,,,,,,,,,,,,
,,,,,,,,,,,,,,,,3대 / 2번,,,,,,,,,,,,,,,,,,,,
,,,,,,,,,,,,,,,,3대 / 2번,,,,,,,,,,,,,,,,,,,,
,1_slice_bread_lettuce_tomato_egg,FloorPlan1,2026. 4. 1,FALSE,1,0.5,0.706,0.25,17,11,56.4,,,0.5,,3대 / 2번,,,,,,,,,,,,,,,,,,,,
,,,,,,,,,,,,,,,,3대 / 2번,,,,,,,,,,,,,,,,,,,,
,,,,,,,,,,,,,,,,3대 / 2번,,,,,,,,,,,,,,,,,,,,
,,,,,,,,,,,,,,,,3대 / 2번,,,,,,,,,,,,,,,,,,,,
,,,,,,,,,,,,,,,,3대 / 2번,,,,,,,,,,,,,,,,,,,,
,1_turn_off_faucet_light,FloorPlan1,2026. 4. 1,TRUE,1,1,1,0,4,2,20.2,,,1,,3대 / 2번,,,,,,,,,,,,,,,,,,,,
,,,,,,,,,,,,,,,,3대 / 2번,,,,,,,,,,,,,,,,,,,,
,,,,,,,,,,,,,,,,3대 / 2번,,,,,,,,,,,,,,,,,,,,
,,,,,,,,,,,,,,,,3대 / 2번,,,,,,,,,,,,,,,,,,,,
,,,,,,,,,,,,,,,,3대 / 2번,,,,,,,,,,,,,,,,,,,,
,1_wash_bowl_mug_pot_pan,FloorPlan1,2026. 4. 1,FALSE,0,0,0,0,0,0,2.5,,,0,,3대 / 2번,"피드백 돔, 이미 faucet을 켠 상태인데, Robot1이 같은 faucet을 또 켜려 고함",,,,,,,,,,,,,,,,,,,
,,,,,,,,,,,,,,,,3대 / 2번,,,,,,,,,,,,,,,,,,,,
,,,,,,,,,,,,,,,,3대 / 2번,,,,,,,,,,,,,,,,,,,,
,,,,,,,,,,,,,,,,3대 / 2번,,,,,,,,,,,,,,,,,,,,
,,,,,,,,,,,,,,,,3대 / 2번,,,,,,,,,,,,,,,,,,,,
,2_open_all_cabinets,FloorPlan1,2026. 4. 1,FALSE,0.111,0.111,1,0.5,29,15,606,,,0.111,,3대 / 2번,,,,,,,,,,,,,,,,,,,,
,,,,,,,,,,,,,,,,3대 / 2번,,,,,,,,,,,,,,,,,,,,
,,,,,,,,,,,,,,,,3대 / 2번,,,,,,,,,,,,,,,,,,,,
,,,,,,,,,,,,,,,,3대 / 2번,,,,,,,,,,,,,,,,,,,,
,,,,,,,,,,,,,,,,3대 / 2번,,,,,,,,,,,,,,,,,,,,
,,,,,,,,,,,,,,,,3대 / 2번,,,,,,,,,,,,,,,,,,,,
,2_open_all_drawers,FloorPlan1,2026. 4. 1,FALSE,0.556,0.444,1,1,27,9,172.8,,,0.444,,3대 / 2번,서랍 하나 안열었음,,,,,,,,,,,,,,,,,,,
,,,,,,,,,,,,,,,,3대 / 2번,,,,,,,,,,,,,,,,,,,,
,,,,,,,,,,,,,,,,3대 / 2번,,,,,,,,,,,,,,,,,,,,
,,,,,,,,,,,,,,,,3대 / 2번,,,,,,,,,,,,,,,,,,,,
,,,,,,,,,,,,,,,,3대 / 2번,,,,,,,,,,,,,,,,,,,,
,,,,,,,,,,,,,,,,3대 / 2번,,,,,,,,,,,,,,,,,,,,
,,,,,,,,,,,,,,,,3대 / 2번,,,,,,,,,,,,,,,,,,,,
,,,,,,,,,,,,,,,,3대 / 2번,,,,,,,,,,,,,,,,,,,,
,,,,,,,,,,,,,,,,3대 / 2번,,,,,,,,,,,,,,,,,,,,
,2_put_all_creditcards_remotecontrols_box,FloorPlan201,2026. 4. 1,TRUE,1,1,1,0,19,19,158.7,,,0.5,,3대 / 2번,,,,,,,,,,,,,,,,,,,,
,,,,,,,,,,,,,,,,3대 / 2번,,,,,,,,,,,,,,,,,,,,
,,,,,,,,,,,,,,,,3대 / 2번,,,,,,,,,,,,,,,,,,,,
,,,,,,,,,,,,,,,,3대 / 2번,,,,,,,,,,,,,,,,,,,,
,2_put_all_tomatoes_potatoes_fridge,FloorPlan1,2026. 4. 1,FALSE,1,0.8,0.938,0,16,8,232.6,,,0.444,,3대 / 2번,,,,,,,,,,,,,,,,,,,,
,,,,,,,,,,,,,,,,3대 / 2번,,,,,,,,,,,,,,,,,,,,
,,,,,,,,,,,,,,,,3대 / 2번,,,,,,,,,,,,,,,,,,,,
,,,,,,,,,,,,,,,,3대 / 2번,,,,,,,,,,,,,,,,,,,,
,,,,,,,,,,,,,,,,3대 / 2번,,,,,,,,,,,,,,,,,,,,
,2_put_all_vases_countertop,FloorPlan1,2026. 4. 1,TRUE,1,1,1,0.5,16,8,397.7,,,0.5,,3대 / 2번,피드백 돔,,,,,,,,,,,,,,,,,,,
,,,,,,,,,,,,,,,,3대 / 2번,,,,,,,,,,,,,,,,,,,,
,2_turn_on_all_stove_knobs,FloorPlan1,2026. 4. 1,FALSE,0.75,0.625,1,0.333,8,3,604.8,,,0.625,,3대 / 2번,,,,,,,,,,,,,,,,,,,,
,,,,,,,,,,,,,,,,3대 / 2번,,,,,,,,,,,,,,,,,,,,
,,,,,,,,,,,,,,,,3대 / 2번,,,,,,,,,,,,,,,,,,,,
,,,,,,,,,,,,,,,,3대 / 2번,,,,,,,,,,,,,,,,,,,,
,,,,,,,,,,,,,,,,3대 / 2번,,,,,,,,,,,,,,,,,,,,
,,,,,,,,,,,,,,,,3대 / 2번,,,,,,,,,,,,,,,,,,,,
,,,,,,,,,,,,,,,,3대 / 2번,,,,,,,,,,,,,,,,,,,,
,,,,,,,,,,,,,,,,3대 / 2번,,,,,,,,,,,,,,,,,,,,
,,,,,,,,,,,,,,,,3대 / 2번,,,,,,,,,,,,,,,,,,,,
,,,,,,,,,,,,,,,,3대 / 2번,,,,,,,,,,,,,,,,,,,,
,3_clear_table_to_sofa,FloorPlan201,2026. 4. 1,FALSE,0.8,0.667,1,0,28,16,369.5,,,0.667,,3대 / 2번,분해 문제,,,,,,,,,,,,,,,,,,,
,,,,,,,,,,,,,,,,3대 / 2번,,,,,,,,,,,,,,,,,,,,
,,,,,,,,,,,,,,,,3대 / 2번,,,,,,,,,,,,,,,,,,,,
,,,,,,,,,,,,,,,,3대 / 2번,,,,,,,,,,,,,,,,,,,,
,,,,,,,,,,,,,,,,3대 / 2번,,,,,,,,,,,,,,,,,,,,
,,,,,,,,,,,,,,,,3대 / 2번,,,,,,,,,,,,,,,,,,,,
,,,,,,,,,,,,,,,,3대 / 2번,,,,,,,,,,,,,,,,,,,,
,,,,,,,,,,,,,,,,3대 / 2번,,,,,,,,,,,,,,,,,,,,
,,,,,,,,,,,,,,,,3대 / 2번,,,,,,,,,,,,,,,,,,,,
,,,,,,,,,,,,,,,,3대 / 2번,,,,,,,,,,,,,,,,,,,,
,3_put_all_groceries_fridge,FloorPlan1,2026. 4. 1,FALSE,0.5,0.455,1,0.5,12,6,57.6,,,0.455,,3대 / 2번,,,,,,,,,,,,,,,,,,,,
,,,,,,,,,,,,,,,,3대 / 2번,,,,,,,,,,,,,,,,,,,,
,,,,,,,,,,,,,,,,3대 / 2번,,,,,,,,,,,,,,,,,,,,
,,,,,,,,,,,,,,,,3대 / 2번,,,,,,,,,,,,,,,,,,,,
,,,,,,,,,,,,,,,,3대 / 2번,,,,,,,,,,,,,,,,,,,,
,,,,,,,,,,,,,,,,3대 / 2번,,,,,,,,,,,,,,,,,,,,
,3_put_all_school_supplies_sofa,FloorPlan201,2026. 4. 1,FALSE,0,0,0,0,0,0,2.5,,,0,,3대 / 2번,분해,,,,,,,,,,,,,,,,,,,
,,,,,,,,,,,,,,,,3대 / 2번,,,,,,,,,,,,,,,,,,,,
,,,,,,,,,,,,,,,,3대 / 2번,,,,,,,,,,,,,,,,,,,,
,,,,,,,,,,,,,,,,3대 / 2번,,,,,,,,,,,,,,,,,,,,
,,,,,,,,,,,,,,,,3대 / 2번,,,,,,,,,,,,,,,,,,,,
,3_put_all_shakers_fridge,FloorPlan1,2026. 4. 1,FALSE,0,0,0,0,0,0,2.5,,,2.5,,3대 / 2번,,,,,,,,,,,,,,,,,,,,
,,,,,,,,,,,,,,,,3대 / 2번,,,,,,,,,,,,,,,,,,,,
,,,,,,,,,,,,,,,,3대 / 2번,,,,,,,,,,,,,,,,,,,,
,,,,,,,,,,,,,,,,3대 / 2번,,,,,,,,,,,,,,,,,,,,
,,,,,,,,,,,,,,,,3대 / 2번,,,,,,,,,,,,,,,,,,,,
,,,,,,,,,,,,,,,,3대 / 2번,,,,,,,,,,,,,,,,,,,,
,,,,,,,,,,,,,,,,3대 / 2번,,,,,,,,,,,,,,,,,,,,
,,,,,,,,,,,,,,,,3대 / 2번,,,,,,,,,,,,,,,,,,,,
,,,,,,,,,,,,,,,,3대 / 2번,,,,,,,,,,,,,,,,,,,,
,,,,,,,,,,,,,,,,3대 / 2번,,,,,,,,,,,,,,,,,,,,
,3_put_all_silverware_drawer,FloorPlan2,2026. 4. 1,FALSE,0.263,0.409,0.688,0.75,16,9,337.9,,,0.364,,3대 / 2번,분해,,,,,,,,,,,,,,,,,,,
,,,,,,,,,,,,,,,,3대 / 2번,,,,,,,,,,,,,,,,,,,,
,,,,,,,,,,,,,,,,3대 / 2번,,,,,,,,,,,,,,,,,,,,
,,,,,,,,,,,,,,,,3대 / 2번,,,,,,,,,,,,,,,,,,,,
,,,,,,,,,,,,,,,,3대 / 2번,,,,,,,,,,,,,,,,,,,,
,,,,,,,,,,,,,,,,3대 / 2번,,,,,,,,,,,,,,,,,,,,
,,,,,,,,,,,,,,,,3대 / 2번,,,,,,,,,,,,,,,,,,,,
,,,,,,,,,,,,,,,,3대 / 2번,,,,,,,,,,,,,,,,,,,,
,,,,,,,,,,,,,,,,3대 / 2번,,,,,,,,,,,,,,,,,,,,
,,,,,,,,,,,,,,,,3대 / 2번,,,,,,,,,,,,,,,,,,,,
,,,,,,,,,,,,,,,,3대 / 2번,,,,,,,,,,,,,,,,,,,,
,4_clear_couch_livingroom,FloorPlan201,2026. 4. 1,FALSE,0,0,0.714,0,7,6,95.5,,,0,,3대 / 2번,,,,,,,,,,,,,,,,,,,,
,,,,,,,,,,,,,,,,3대 / 2번,,,,,,,,,,,,,,,,,,,,
,,,,,,,,,,,,,,,,3대 / 2번,,,,,,,,,,,,,,,,,,,,
,,,,,,,,,,,,,,,,3대 / 2번,,,,,,,,,,,,,,,,,,,,
,,,,,,,,,,,,,,,,3대 / 2번,,,,,,,,,,,,,,,,,,,,
,4_clear_countertop_kitchen,FloorPlan1,2026. 4. 1,FALSE,0.4,0.353,0.917,0,12,9,40.3,,,0.353,,3대 / 2번,죄다 바닥에 놓음,,,,,,,,,,,,,,,,,,,
,,,,,,,,,,,,,,,,3대 / 2번,,,,,,,,,,,,,,,,,,,,
,,,,,,,,,,,,,,,,3대 / 2번,,,,,,,,,,,,,,,,,,,,
,,,,,,,,,,,,,,,,3대 / 2번,,,,,,,,,,,,,,,,,,,,
,,,,,,,,,,,,,,,,3대 / 2번,,,,,,,,,,,,,,,,,,,,
,4_clear_floor_kitchen,FloorPlan1,2026. 4. 1,FALSE,0.2,0.25,0.5,0,16,16,,,,,,3대 / 2번,,,,,,,,,,,,,,,,,,,,
,,,,,,,,,,,,,,,,3대 / 2번,,,,,,,,,,,,,,,,,,,,
,,,,,,,,,,,,,,,,3대 / 2번,,,,,,,,,,,,,,,,,,,,
,,,,,,,,,,,,,,,,3대 / 2번,,,,,,,,,,,,,,,,,,,,
,,,,,,,,,,,,,,,,3대 / 2번,,,,,,,,,,,,,,,,,,,,
,4_clear_table_kitchen,FloorPlan4,2026. 4. 1,FALSE,0.333,0.08,0.63,0,27,27,103.6,,,0.08,,3대 / 2번,,,,,,,,,,,,,,,,,,,,
,,,,,,,,,,,,,,,,3대 / 2번,,,,,,,,,,,,,,,,,,,,
,,,,,,,,,,,,,,,,3대 / 2번,,,,,,,,,,,,,,,,,,,,
,,,,,,,,,,,,,,,,3대 / 2번,,,,,,,,,,,,,,,,,,,,
,,,,,,,,,,,,,,,,3대 / 2번,,,,,,,,,,,,,,,,,,,,
,4_make_livingroom_dark,FloorPlan201,2026. 4. 1,TRUE,1,1,0,1,6,3,112.2,,,1,,3대 / 2번,,,,,,,,,,,,,,,,,,,,
,,,,,,,,,,,,,,,,3대 / 2번,,,,,,,,,,,,,,,,,,,,
,,,,,,,,,,,,,,,,3대 / 2번,,,,,,,,,,,,,,,,,,,,
,,,,,,,,,,,,,,,,3대 / 2번,,,,,,,,,,,,,,,,,,,,
,,,,,,,,,,,,,,,,3대 / 2번,,,,,,,,,,,,,,,,,,,,
,4_put_appropriate_storage,FloorPlan2,2026. 4. 1,FALSE,0.263,0.455,0.875,0.714,24,8,433.1,,,0.455,,3대 / 2번,,,,,,,,,,,,,,,,,,,,
,,,,,,,,,,,,,,,,3대 / 2번,,,,,,,,,,,,,,,,,,,,
,,,,,,,,,,,,,,,,3대 / 2번,,,,,,,,,,,,,,,,,,,,
,,,,,,,,,,,,,,,,3대 / 2번,,,,,,,,,,,,,,,,,,,,
,,,,,,,,,,,,,,,,3대 / 2번,,,,,,,,,,,,,,,,,,,,
,,,,,,,,,,,,,,,,,,,,,,,,,,,,,,,,,,,,
,,,,,,,,,,,,,,,,,,,,,,,,,,,,,,,,,,,,
,,,,,,,,,,,,,,,,,,,,,,,,,,,,,,,,,,,,
,,,,,,,,,,,,,,,,,,,,,,,,,,,,,,,,,,,,
베이스라인명: H-AIM,Task,FloorPlan,실험 날짜,Success Rate,Coverage,Transport Rate,Exec,Balance,Step(max),Step,Makespan(time),Token(total),Token(input),1열,Token(output),로봇 수 / 피드백 루프 허용 수,실패 원인,,,,,,,,,,,,,,,,,,,
,1_put_bread_lettuce_tomato_fridge,FloorPlan1,2026. 4. 6,TRUE,1,1,1,1,27,27,166.7,,,1,,3대 / 2번,,,,,,,,,,,,,,,,,,,,
,,,,,,,,,,,,,,,,3대 / 2번,,,,,,,,,,,,,,,,,,,,
,,,,,,,,,,,,,,,,3대 / 2번,,,,,,,,,,,,,,,,,,,,
,,,,,,,,,,,,,,,,3대 / 2번,,,,,,,,,,,,,,,,,,,,
,,,,,,,,,,,,,,,,3대 / 2번,,,,,,,,,,,,,,,,,,,,
,1_put_computer_book_remotecontrol_sofa,FloorPlan201,2026. 4. 6,TRUE,1,1,1,1,12,4,100.7,,,1,,3대 / 2번,,,,,,,,,,,,,,,,,,,,
,,,,,,,,,,,,,,,,3대 / 2번,,,,,,,,,,,,,,,,,,,,
,,,,,,,,,,,,,,,,3대 / 2번,,,,,,,,,,,,,,,,,,,,
,,,,,,,,,,,,,,,,3대 / 2번,,,,,,,,,,,,,,,,,,,,
,,,,,,,,,,,,,,,,3대 / 2번,,,,,,,,,,,,,,,,,,,,
,1_put_knife_bowl_mug_countertop,FloorPlan1,2026. 4. 6,TRUE,0.833,1,1,1,12,12,34.5,,,1,,3대 / 2번,없는 물체를 자꾸 분해함,,,,,,,,,,,,,,,,,,,
,,,,,,,,,,,,,,,,3대 / 2번,,,,,,,,,,,,,,,,,,,,
,,,,,,,,,,,,,,,,3대 / 2번,,,,,,,,,,,,,,,,,,,,
,,,,,,,,,,,,,,,,3대 / 2번,,,,,,,,,,,,,,,,,,,,
,,,,,,,,,,,,,,,,3대 / 2번,,,,,,,,,,,,,,,,,,,,
,1_put_plate_mug_bowl_fridge,FloorPlan1,2026. 4. 6,TRUE,1,1,1,0.714,19,9,211,,,1,,3대 / 2번,,,,,,,,,,,,,,,,,,,,
,,,,,,,,,,,,,,,,3대 / 2번,,,,,,,,,,,,,,,,,,,,
,,,,,,,,,,,,,,,,3대 / 2번,,,,,,,,,,,,,,,,,,,,
,,,,,,,,,,,,,,,,3대 / 2번,,,,,,,,,,,,,,,,,,,,
,,,,,,,,,,,,,,,,3대 / 2번,,,,,,,,,,,,,,,,,,,,
,1_put_remotecontrol_keys_watch_box,FloorPlan201,2026. 4. 6,TRUE,1,1,1,1,12,12,204.2,,,1,,3대 / 2번,,,,,,,,,,,,,,,,,,,,
,,,,,,,,,,,,,,,,3대 / 2번,,,,,,,,,,,,,,,,,,,,
,,,,,,,,,,,,,,,,3대 / 2번,,,,,,,,,,,,,,,,,,,,
,,,,,,,,,,,,,,,,3대 / 2번,,,,,,,,,,,,,,,,,,,,
,,,,,,,,,,,,,,,,3대 / 2번,,,,,,,,,,,,,,,,,,,,
,,,,,,,,,,,,,,,,3대 / 2번,,,,,,,,,,,,,,,,,,,,
,,,,,,,,,,,,,,,,3대 / 2번,,,,,,,,,,,,,,,,,,,,
,,,,,,,,,,,,,,,,3대 / 2번,,,,,,,,,,,,,,,,,,,,
,1_put_vase_tissuebox_remotecontrol_table,FloorPlan201,2026. 4. 6,TRUE,1,1,1,1,24,8,199.7,,,1,,3대 / 2번,,,,,,,,,,,,,,,,,,,,
,,,,,,,,,,,,,,,,3대 / 2번,,,,,,,,,,,,,,,,,,,,
,,,,,,,,,,,,,,,,3대 / 2번,,,,,,,,,,,,,,,,,,,,
,,,,,,,,,,,,,,,,3대 / 2번,,,,,,,,,,,,,,,,,,,,
,,,,,,,,,,,,,,,,3대 / 2번,,,,,,,,,,,,,,,,,,,,
,1_slice_bread_lettuce_tomato_egg,FloorPlan1,2026. 4. 6,TRUE,1,1,1,0,10,10,38,,,1,,3대 / 2번,칼 집으라고 했는데 칼이 없는 물체임,,,,,,,,,,,,,,,,,,,
,,,,,,,,,,,,,,,,3대 / 2번,,,,,,,,,,,,,,,,,,,,
,,,,,,,,,,,,,,,,3대 / 2번,,,,,,,,,,,,,,,,,,,,
,,,,,,,,,,,,,,,,3대 / 2번,,,,,,,,,,,,,,,,,,,,
,,,,,,,,,,,,,,,,3대 / 2번,,,,,,,,,,,,,,,,,,,,
,1_turn_off_faucet_light,FloorPlan1,2026. 4. 6,TRUE,1,1,1,0,4,2,18.3,,,1,,3대 / 2번,,,,,,,,,,,,,,,,,,,,
,,,,,,,,,,,,,,,,3대 / 2번,,,,,,,,,,,,,,,,,,,,
,,,,,,,,,,,,,,,,3대 / 2번,,,,,,,,,,,,,,,,,,,,
,,,,,,,,,,,,,,,,3대 / 2번,,,,,,,,,,,,,,,,,,,,
,,,,,,,,,,,,,,,,3대 / 2번,,,,,,,,,,,,,,,,,,,,
,1_wash_bowl_mug_pot_pan,FloorPlan1,2026. 4. 6,TRUE,1,1,0.52,0.357,39,36,183.6,,,1,,3대 / 2번,,,,,,,,,,,,,,,,,,,,
,,,,,,,,,,,,,,,,3대 / 2번,,,,,,,,,,,,,,,,,,,,
,,,,,,,,,,,,,,,,3대 / 2번,,,,,,,,,,,,,,,,,,,,
,,,,,,,,,,,,,,,,3대 / 2번,,,,,,,,,,,,,,,,,,,,
,,,,,,,,,,,,,,,,3대 / 2번,,,,,,,,,,,,,,,,,,,,
,2_open_all_cabinets,FloorPlan1,2026. 4. 6,FALSE,0.222,0.167,1,0.667,7,7,89.7,,,0.167,,3대 / 2번,,,,,,,,,,,,,,,,,,,,
,,,,,,,,,,,,,,,,3대 / 2번,,,,,,,,,,,,,,,,,,,,
,,,,,,,,,,,,,,,,3대 / 2번,,,,,,,,,,,,,,,,,,,,
,,,,,,,,,,,,,,,,3대 / 2번,,,,,,,,,,,,,,,,,,,,
,,,,,,,,,,,,,,,,3대 / 2번,,,,,,,,,,,,,,,,,,,,
,,,,,,,,,,,,,,,,3대 / 2번,,,,,,,,,,,,,,,,,,,,
,2_open_all_drawers,FloorPlan1,2026. 4. 6,FALSE,0.333,0.333,1,1,9,9,69.7,,,0.333,,3대 / 2번,,,,,,,,,,,,,,,,,,,,
,,,,,,,,,,,,,,,,3대 / 2번,,,,,,,,,,,,,,,,,,,,
,,,,,,,,,,,,,,,,3대 / 2번,,,,,,,,,,,,,,,,,,,,
,,,,,,,,,,,,,,,,3대 / 2번,,,,,,,,,,,,,,,,,,,,
,,,,,,,,,,,,,,,,3대 / 2번,,,,,,,,,,,,,,,,,,,,
,,,,,,,,,,,,,,,,3대 / 2번,,,,,,,,,,,,,,,,,,,,
,,,,,,,,,,,,,,,,3대 / 2번,,,,,,,,,,,,,,,,,,,,
,,,,,,,,,,,,,,,,3대 / 2번,,,,,,,,,,,,,,,,,,,,
,,,,,,,,,,,,,,,,3대 / 2번,,,,,,,,,,,,,,,,,,,,
,2_put_all_creditcards_remotecontrols_box,FloorPlan201,2026. 4. 6,TRUE,1,1,1,0,8,8,115.2,,,0.5,,3대 / 2번,,,,,,,,,,,,,,,,,,,,
,,,,,,,,,,,,,,,,3대 / 2번,,,,,,,,,,,,,,,,,,,,
,,,,,,,,,,,,,,,,3대 / 2번,,,,,,,,,,,,,,,,,,,,
,,,,,,,,,,,,,,,,3대 / 2번,,,,,,,,,,,,,,,,,,,,
,2_put_all_tomatoes_potatoes_fridge,FloorPlan1,2026. 4. 6,TRUE,1,1,1,0,12,15,203.3,,,0.5,,3대 / 2번,,,,,,,,,,,,,,,,,,,,
,,,,,,,,,,,,,,,,3대 / 2번,,,,,,,,,,,,,,,,,,,,
,,,,,,,,,,,,,,,,3대 / 2번,,,,,,,,,,,,,,,,,,,,
,,,,,,,,,,,,,,,,3대 / 2번,,,,,,,,,,,,,,,,,,,,
,,,,,,,,,,,,,,,,3대 / 2번,,,,,,,,,,,,,,,,,,,,
,2_put_all_vases_countertop,FloorPlan1,2026. 4. 6,TRUE,1,1,1,0,8,8,87.1,,,1,,3대 / 2번,,,,,,,,,,,,,,,,,,,,
,,,,,,,,,,,,,,,,3대 / 2번,,,,,,,,,,,,,,,,,,,,
,2_turn_on_all_stove_knobs,FloorPlan1,2026. 4. 6,TRUE,1,1,1,0.5,8,4,85.6,,,1,,3대 / 2번,,,,,,,,,,,,,,,,,,,,
,,,,,,,,,,,,,,,,3대 / 2번,,,,,,,,,,,,,,,,,,,,
,,,,,,,,,,,,,,,,3대 / 2번,,,,,,,,,,,,,,,,,,,,
,,,,,,,,,,,,,,,,3대 / 2번,,,,,,,,,,,,,,,,,,,,
,,,,,,,,,,,,,,,,3대 / 2번,,,,,,,,,,,,,,,,,,,,
,,,,,,,,,,,,,,,,3대 / 2번,,,,,,,,,,,,,,,,,,,,
,,,,,,,,,,,,,,,,3대 / 2번,,,,,,,,,,,,,,,,,,,,
,,,,,,,,,,,,,,,,3대 / 2번,,,,,,,,,,,,,,,,,,,,
,,,,,,,,,,,,,,,,3대 / 2번,,,,,,,,,,,,,,,,,,,,
,,,,,,,,,,,,,,,,3대 / 2번,,,,,,,,,,,,,,,,,,,,
,3_clear_table_to_sofa,FloorPlan201,2026. 4. 6,FALSE,0.6,0.667,1,0.5,16,13,195.2,,,0.667,,3대 / 2번,,,,,,,,,,,,,,,,,,,,
,,,,,,,,,,,,,,,,3대 / 2번,,,,,,,,,,,,,,,,,,,,
,,,,,,,,,,,,,,,,3대 / 2번,,,,,,,,,,,,,,,,,,,,
,,,,,,,,,,,,,,,,3대 / 2번,,,,,,,,,,,,,,,,,,,,
,,,,,,,,,,,,,,,,3대 / 2번,,,,,,,,,,,,,,,,,,,,
,,,,,,,,,,,,,,,,3대 / 2번,,,,,,,,,,,,,,,,,,,,
,,,,,,,,,,,,,,,,3대 / 2번,,,,,,,,,,,,,,,,,,,,
,,,,,,,,,,,,,,,,3대 / 2번,,,,,,,,,,,,,,,,,,,,
,,,,,,,,,,,,,,,,3대 / 2번,,,,,,,,,,,,,,,,,,,,
,,,,,,,,,,,,,,,,3대 / 2번,,,,,,,,,,,,,,,,,,,,
,3_put_all_groceries_fridge,FloorPlan1,2026. 4. 6,FALSE,0.5,0.409,0.714,0.5,28,26,133.8,,,0.409,,3대 / 2번,,,,,,,,,,,,,,,,,,,,
,,,,,,,,,,,,,,,,3대 / 2번,,,,,,,,,,,,,,,,,,,,
,,,,,,,,,,,,,,,,3대 / 2번,,,,,,,,,,,,,,,,,,,,
,,,,,,,,,,,,,,,,3대 / 2번,,,,,,,,,,,,,,,,,,,,
,,,,,,,,,,,,,,,,3대 / 2번,,,,,,,,,,,,,,,,,,,,
,,,,,,,,,,,,,,,,3대 / 2번,,,,,,,,,,,,,,,,,,,,
,3_put_all_school_supplies_sofa,FloorPlan201,2026. 4. 6,FALSE,0.8,0.75,1,1,12,12,119.4,,,0.75,,3대 / 2번,,,,,,,,,,,,,,,,,,,,
,,,,,,,,,,,,,,,,3대 / 2번,,,,,,,,,,,,,,,,,,,,
,,,,,,,,,,,,,,,,3대 / 2번,,,,,,,,,,,,,,,,,,,,
,,,,,,,,,,,,,,,,3대 / 2번,,,,,,,,,,,,,,,,,,,,
,,,,,,,,,,,,,,,,3대 / 2번,,,,,,,,,,,,,,,,,,,,
,3_put_all_shakers_fridge,FloorPlan1,2026. 4. 6,TRUE,1,1,0.765,0,17,9,83.3s,,,1,,3대 / 2번,,,,,,,,,,,,,,,,,,,,
,,,,,,,,,,,,,,,,3대 / 2번,,,,,,,,,,,,,,,,,,,,
,,,,,,,,,,,,,,,,3대 / 2번,,,,,,,,,,,,,,,,,,,,
,,,,,,,,,,,,,,,,3대 / 2번,,,,,,,,,,,,,,,,,,,,
,,,,,,,,,,,,,,,,3대 / 2번,,,,,,,,,,,,,,,,,,,,
,,,,,,,,,,,,,,,,3대 / 2번,,,,,,,,,,,,,,,,,,,,
,,,,,,,,,,,,,,,,3대 / 2번,,,,,,,,,,,,,,,,,,,,
,,,,,,,,,,,,,,,,3대 / 2번,,,,,,,,,,,,,,,,,,,,
,,,,,,,,,,,,,,,,3대 / 2번,,,,,,,,,,,,,,,,,,,,
,,,,,,,,,,,,,,,,3대 / 2번,,,,,,,,,,,,,,,,,,,,
,3_put_all_silverware_drawer,FloorPlan2,2026. 4. 6,FALSE,0.421,0.364,0.429,1,21,7,120.3,,,0.364,,3대 / 2번,,,,,,,,,,,,,,,,,,,,
,,,,,,,,,,,,,,,,3대 / 2번,,,,,,,,,,,,,,,,,,,,
,,,,,,,,,,,,,,,,3대 / 2번,,,,,,,,,,,,,,,,,,,,
,,,,,,,,,,,,,,,,3대 / 2번,,,,,,,,,,,,,,,,,,,,
,,,,,,,,,,,,,,,,3대 / 2번,,,,,,,,,,,,,,,,,,,,
,,,,,,,,,,,,,,,,3대 / 2번,,,,,,,,,,,,,,,,,,,,
,,,,,,,,,,,,,,,,3대 / 2번,,,,,,,,,,,,,,,,,,,,
,,,,,,,,,,,,,,,,3대 / 2번,,,,,,,,,,,,,,,,,,,,
,,,,,,,,,,,,,,,,3대 / 2번,,,,,,,,,,,,,,,,,,,,
,,,,,,,,,,,,,,,,3대 / 2번,,,,,,,,,,,,,,,,,,,,
,,,,,,,,,,,,,,,,3대 / 2번,,,,,,,,,,,,,,,,,,,,
,4_clear_couch_livingroom,FloorPlan201,2026. 4. 6,FALSE,0,0,1,0.5,16,8,151.2,,,0,,3대 / 2번,,,,,,,,,,,,,,,,,,,,
,,,,,,,,,,,,,,,,3대 / 2번,,,,,,,,,,,,,,,,,,,,
,,,,,,,,,,,,,,,,3대 / 2번,,,,,,,,,,,,,,,,,,,,
,,,,,,,,,,,,,,,,3대 / 2번,,,,,,,,,,,,,,,,,,,,
,,,,,,,,,,,,,,,,3대 / 2번,,,,,,,,,,,,,,,,,,,,
,4_clear_countertop_kitchen,FloorPlan1,2026. 4. 6,FALSE,0,0,0.362,0.429,47,24,226.3,,,0,,3대 / 2번,,,,,,,,,,,,,,,,,,,,
,,,,,,,,,,,,,,,,3대 / 2번,,,,,,,,,,,,,,,,,,,,
,,,,,,,,,,,,,,,,3대 / 2번,,,,,,,,,,,,,,,,,,,,
,,,,,,,,,,,,,,,,3대 / 2번,,,,,,,,,,,,,,,,,,,,
,,,,,,,,,,,,,,,,3대 / 2번,,,,,,,,,,,,,,,,,,,,
,4_clear_floor_kitchen,FloorPlan1,2026. 4. 6,FALSE,0,0,0.556,0.375,27,27,305.4,,,0,,3대 / 2번,,,,,,,,,,,,,,,,,,,,
,,,,,,,,,,,,,,,,3대 / 2번,,,,,,,,,,,,,,,,,,,,
,,,,,,,,,,,,,,,,3대 / 2번,,,,,,,,,,,,,,,,,,,,
,,,,,,,,,,,,,,,,3대 / 2번,,,,,,,,,,,,,,,,,,,,
,,,,,,,,,,,,,,,,3대 / 2번,,,,,,,,,,,,,,,,,,,,
,4_clear_table_kitchen,FloorPlan4,2026. 4. 6,FALSE,0.167,0.12,0.382,0.429,34,24,104.4,,,0.12,,3대 / 2번,,,,,,,,,,,,,,,,,,,,
,,,,,,,,,,,,,,,,3대 / 2번,,,,,,,,,,,,,,,,,,,,
,,,,,,,,,,,,,,,,3대 / 2번,,,,,,,,,,,,,,,,,,,,
,,,,,,,,,,,,,,,,3대 / 2번,,,,,,,,,,,,,,,,,,,,
,,,,,,,,,,,,,,,,3대 / 2번,,,,,,,,,,,,,,,,,,,,
,4_make_livingroom_dark,FloorPlan201,2026. 4. 6,FALSE,0,0,1,1,6,4,41.2,,,0,,3대 / 2번,,,,,,,,,,,,,,,,,,,,
,,,,,,,,,,,,,,,,3대 / 2번,,,,,,,,,,,,,,,,,,,,
,,,,,,,,,,,,,,,,3대 / 2번,,,,,,,,,,,,,,,,,,,,
,,,,,,,,,,,,,,,,3대 / 2번,,,,,,,,,,,,,,,,,,,,
,,,,,,,,,,,,,,,,3대 / 2번,,,,,,,,,,,,,,,,,,,,
,4_put_appropriate_storage,FloorPlan2,2026. 4. 6,FALSE,0.421,0.364,0.429,1,21,21,83.3,,,0.364,,3대 / 2번,,,,,,,,,,,,,,,,,,,,
,,,,,,,,,,,,,,,,3대 / 2번,,,,,,,,,,,,,,,,,,,,
,,,,,,,,,,,,,,,,3대 / 2번,,,,,,,,,,,,,,,,,,,,
,,,,,,,,,,,,,,,,3대 / 2번,,,,,,,,,,,,,,,,,,,,
,,,,,,,,,,,,,,,,3대 / 2번,,,,,,,,,,,,,,,,,,,,
,,,,,,,,,,,,,,,,,,,,,,,,,,,,,,,,,,,,
,,,,,,,,,,,,,,,,,,,,,,,,,,,,,,,,,,,,
,,,,,,,,,,,,,,,,,,,,,,,,,,,,,,,,,,,,
베이스라인명: Ours,Task,FloorPlan,실험 날짜,Success Rate,Coverage,Transport Rate,Exec,Balance,Step,Makespan,Makespan(time),Token(total),Token(input),Token(output),SSR,로봇 수 / 피드백 루프 허용 수,실패 원인,,,,,,,,,,,,,,,,,,,
,1_put_bread_lettuce_tomato_fridge,FloorPlan1,2026. 4. 14,TRUE,1,1,1,0.5,14,6,67.6s,"82,587","79,654","2,933",1,3대 / 2번,,,,,,,,,,,,,,,,,,,,
,,,,,,,,,,,,,,,,3대 / 2번,,,,,,,,,,,,,,,,,,,,
,,,,,,,,,,,,,,,,3대 / 2번,,,,,,,,,,,,,,,,,,,,
,,,,,,,,,,,,,,,,3대 / 2번,,,,,,,,,,,,,,,,,,,,
,,,,,,, ,,,,,,,,,3대 / 2번,,,,,,,,,,,,,,,,,,,,
,1_put_computer_book_remotecontrol_sofa,FloorPlan201,2026. 4. 14,TRUE,1,1,1,1,12,4,72.7s,"64,772","62,833","1,939",1,3대 / 2번,,,,,,,,,,,,,,,,,,,,
,,,,,,,,,,,,,,,,3대 / 2번,,,,,,,,,,,,,,,,,,,,
,,,,,,,,,,,,,,,,3대 / 2번,,,,,,,,,,,,,,,,,,,,
,,,,,,,,,,,,,,,,3대 / 2번,,,,,,,,,,,,,,,,,,,,
,,,,,,,,,,,,,,,,3대 / 2번,,,,,,,,,,,,,,,,,,,,
,1_put_knife_bowl_mug_countertop,FloorPlan1,2026. 4. 14,TRUE,1,1,1,1,12,4,140.6s,"78,645","76,619","2,026",1,3대 / 2번,,,,,,,,,,,,,,,,,,,,
,,,,,,,,,,,,,,,,3대 / 2번,,,,,,,,,,,,,,,,,,,,
,,,,,,,,,,,,,,,,3대 / 2번,,,,,,,,,,,,,,,,,,,,
,,,,,,,,,,,,,,,,3대 / 2번,,,,,,,,,,,,,,,,,,,,
,,,,,,,,,,,,,,,,3대 / 2번,,,,,,,,,,,,,,,,,,,,
,1_put_plate_mug_bowl_fridge,FloorPlan1,2026. 4. 14,TRUE,1,1,1,0.5,14,6,62.6s,"82,629","79,692","2,937",1,3대 / 2번,,,,,,,,,,,,,,,,,,,,
,,,,,,,,,,,,,,,,3대 / 2번,,,,,,,,,,,,,,,,,,,,
,,,,,,,,,,,,,,,,3대 / 2번,,,,,,,,,,,,,,,,,,,,
,,,,,,,,,,,,,,,,3대 / 2번,,,,,,,,,,,,,,,,,,,,
,,,,,,,,,,,,,,,,3대 / 2번,,,,,,,,,,,,,,,,,,,,
,1_put_remotecontrol_keys_watch_box,FloorPlan201,2026. 4. 14,TRUE,1,1,1,0.5,14,6,70.8s,"67,547","64,844","2,703",1,3대 / 2번,,,,,,,,,,,,,,,,,,,,
,,,,,,,,,,,,,,,,3대 / 2번,,,,,,,,,,,,,,,,,,,,
,,,,,,,,,,,,,,,,3대 / 2번,,,,,,,,,,,,,,,,,,,,
,,,,,,,,,,,,,,,,3대 / 2번,,,,,,,,,,,,,,,,,,,,
,,,,,,,,,,,,,,,,3대 / 2번,,,,,,,,,,,,,,,,,,,,
,,,,,,,,,,,,,,,,3대 / 2번,,,,,,,,,,,,,,,,,,,,
,,,,,,,,,,,,,,,,3대 / 2번,,,,,,,,,,,,,,,,,,,,
,,,,,,,,,,,,,,,,3대 / 2번,,,,,,,,,,,,,,,,,,,,
,1_put_vase_tissuebox_remotecontrol_table,FloorPlan201,2026. 4. 14,TRUE,1,1,1,1,12,4,83.1s,"65,459","63,341","2,118",1,3대 / 2번,,,,,,,,,,,,,,,,,,,,
,,,,,,,,,,,,,,,,3대 / 2번,,,,,,,,,,,,,,,,,,,,
,,,,,,,,,,,,,,,,3대 / 2번,,,,,,,,,,,,,,,,,,,,
,,,,,,,,,,,,,,,,3대 / 2번,,,,,,,,,,,,,,,,,,,,
,,,,,,,,,,,,,,,,3대 / 2번,,,,,,,,,,,,,,,,,,,,
,1_slice_bread_lettuce_tomato_egg,FloorPlan1,2026. 4. 14,TRUE,1,1,1,0.5,8,4,36.6s,"104,985","101,775","3,210",1,3대 / 2번,,,,,,,,,,,,,,,,,,,,
,,,,,,,,,,,,,,,,3대 / 2번,,,,,,,,,,,,,,,,,,,,
,,,,,,,,,,,,,,,,3대 / 2번,,,,,,,,,,,,,,,,,,,,
,,,,,,,,,,,,,,,,3대 / 2번,,,,,,,,,,,,,,,,,,,,
,,,,,,,,,,,,,,,,3대 / 2번,,,,,,,,,,,,,,,,,,,,
,1_turn_off_faucet_light,FloorPlan1,2026. 4. 14,TRUE,1,1,1,1,4,2,10.9s,"53,208","52,162","1,046",1,3대 / 2번,,,,,,,,,,,,,,,,,,,,
,,,,,,,,,,,,,,,,3대 / 2번,,,,,,,,,,,,,,,,,,,,
,,,,,,,,,,,,,,,,3대 / 2번,,,,,,,,,,,,,,,,,,,,
,,,,,,,,,,,,,,,,3대 / 2번,,,,,,,,,,,,,,,,,,,,
,,,,,,,,,,,,,,,,3대 / 2번,,,,,,,,,,,,,,,,,,,,
,1_wash_bowl_mug_pot_pan,FloorPlan1,2026. 4. 14,TRUE,1,1,0.9,0.286,30,14,109.4s,"179,079","172,933","6,146",1,3대 / 2번,,,,,,,,,,,,,,,,,,,,
,,,,,,,,,,,,,,,,3대 / 2번,,,,,,,,,,,,,,,,,,,,
,,,,,,,,,,,,,,,,3대 / 2번,,,,,,,,,,,,,,,,,,,,
,,,,,,,,,,,,,,,,3대 / 2번,,,,,,,,,,,,,,,,,,,,
,,,,,,,,,,,,,,,,3대 / 2번,,,,,,,,,,,,,,,,,,,,
,2_open_all_cabinets,FloorPlan1,2026. 4. 14,TRUE,1,1,1,1,18,6,225.4s,"238,100","232,969","5,131",1,3대 / 2번,,,,,,,,,,,,,,,,,,,,
,,,,,,,,,,,,,,,,3대 / 2번,,,,,,,,,,,,,,,,,,,,
,,,,,,,,,,,,,,,,3대 / 2번,,,,,,,,,,,,,,,,,,,,
,,,,,,,,,,,,,,,,3대 / 2번,,,,,,,,,,,,,,,,,,,,
,,,,,,,,,,,,,,,,3대 / 2번,,,,,,,,,,,,,,,,,,,,
,,,,,,,,,,,,,,,,3대 / 2번,,,,,,,,,,,,,,,,,,,,
,2_open_all_drawers,FloorPlan1,2026. 4. 14,TRUE,1,1,1,1,18,6,152.2s,"214,676","210,112","4,564",1,3대 / 2번,,,,,,,,,,,,,,,,,,,,
,,,,,,,,,,,,,,,,3대 / 2번,,,,,,,,,,,,,,,,,,,,
,,,,,,,,,,,,,,,,3대 / 2번,,,,,,,,,,,,,,,,,,,,
,,,,,,,,,,,,,,,,3대 / 2번,,,,,,,,,,,,,,,,,,,,
,,,,,,,,,,,,,,,,3대 / 2번,,,,,,,,,,,,,,,,,,,,
,,,,,,,,,,,,,,,,3대 / 2번,,,,,,,,,,,,,,,,,,,,
,,,,,,,,,,,,,,,,3대 / 2번,,,,,,,,,,,,,,,,,,,,
,,,,,,,,,,,,,,,,3대 / 2번,,,,,,,,,,,,,,,,,,,,
,,,,,,,,,,,,,,,,3대 / 2번,,,,,,,,,,,,,,,,,,,,
,2_put_all_creditcards_remotecontrols_box,FloorPlan201,2026. 4. 14,TRUE,1,1,0.929,0,14,13,89.5s,"69,067","66,419","2,648",1,3대 / 2번,,,,,,,,,,,,,,,,,,,,
,,,,,,,,,,,,,,,,3대 / 2번,,,,,,,,,,,,,,,,,,,,
,,,,,,,,,,,,,,,,3대 / 2번,,,,,,,,,,,,,,,,,,,,
,,,,,,,,,,,,,,,,3대 / 2번,,,,,,,,,,,,,,,,,,,,
,2_put_all_tomatoes_potatoes_fridge,FloorPlan1,2026. 4. 14,TRUE,1,1,1,0,10,6,44.6s,"58,222","55,973","2,249",1,3대 / 2번,,,,,,,,,,,,,,,,,,,,
,,,,,,,,,,,,,,,,3대 / 2번,,,,,,,,,,,,,,,,,,,,
,,,,,,,,,,,,,,,,3대 / 2번,,,,,,,,,,,,,,,,,,,,
,,,,,,,,,,,,,,,,3대 / 2번,,,,,,,,,,,,,,,,,,,,
,,,,,,,,,,,,,,,,3대 / 2번,,,,,,,,,,,,,,,,,,,,
,2_put_all_vases_countertop,FloorPlan1,2026. 4. 14,TRUE,1,1,1,0,8,4,20.0s,"54,851","53,379","1,472",0.8,3대 / 2번,,,,,,,,,,,,,,,,,,,,
,,,,,,,,,,,,,,,,3대 / 2번,,,,,,,,,,,,,,,,,,,,
,2_turn_on_all_stove_knobs,FloorPlan1,2026. 4. 14,TRUE,1,1,1,0.5,8,4,40.3s,"99,705","97,534","2,171",1,3대 / 2번,,,,,,,,,,,,,,,,,,,,
,,,,,,,,,,,,,,,,3대 / 2번,,,,,,,,,,,,,,,,,,,,
,,,,,,,,,,,,,,,,3대 / 2번,,,,,,,,,,,,,,,,,,,,
,,,,,,,,,,,,,,,,3대 / 2번,,,,,,,,,,,,,,,,,,,,
,,,,,,,,,,,,,,,,3대 / 2번,,,,,,,,,,,,,,,,,,,,
,,,,,,,,,,,,,,,,3대 / 2번,,,,,,,,,,,,,,,,,,,,
,,,,,,,,,,,,,,,,3대 / 2번,,,,,,,,,,,,,,,,,,,,
,,,,,,,,,,,,,,,,3대 / 2번,,,,,,,,,,,,,,,,,,,,
,,,,,,,,,,,,,,,,3대 / 2번,,,,,,,,,,,,,,,,,,,,
,,,,,,,,,,,,,,,,3대 / 2번,,,,,,,,,,,,,,,,,,,,
,3_clear_table_to_sofa,FloorPlan201,2026. 4. 14,FALSE,0.4,0.333,1,0.5,20,8,96.9s,"104,462","101,233","3,229",0.333,3대 / 2번,,,,,,,,,,,,,,,,,,,,
,,,,,,,,,,,,,,,,3대 / 2번,,,,,,,,,,,,,,,,,,,,
,,,,,,,,,,,,,,,,3대 / 2번,,,,,,,,,,,,,,,,,,,,
,,,,,,,,,,,,,,,,3대 / 2번,,,,,,,,,,,,,,,,,,,,
,,,,,,,,,,,,,,,,3대 / 2번,,,,,,,,,,,,,,,,,,,,
,,,,,,,,,,,,,,,,3대 / 2번,,,,,,,,,,,,,,,,,,,,
,,,,,,,,,,,,,,,,3대 / 2번,,,,,,,,,,,,,,,,,,,,
,,,,,,,,,,,,,,,,3대 / 2번,,,,,,,,,,,,,,,,,,,,
,,,,,,,,,,,,,,,,3대 / 2번,,,,,,,,,,,,,,,,,,,,
,,,,,,,,,,,,,,,,3대 / 2번,,,,,,,,,,,,,,,,,,,,
,3_put_all_groceries_fridge,FloorPlan1,2026. 4. 14,FALSE,0.833,0.818,1,0.286,21,12,144.0s,"131,779","127,028","4,751",0.818,3대 / 2번,,,,,,,,,,,,,,,,,,,,
,,,,,,,,,,,,,,,,3대 / 2번,,,,,,,,,,,,,,,,,,,,
,,,,,,,,,,,,,,,,3대 / 2번,,,,,,,,,,,,,,,,,,,,
,,,,,,,,,,,,,,,,3대 / 2번,,,,,,,,,,,,,,,,,,,,
,,,,,,,,,,,,,,,,3대 / 2번,,,,,,,,,,,,,,,,,,,,
,,,,,,,,,,,,,,,,3대 / 2번,,,,,,,,,,,,,,,,,,,,
,3_put_all_school_supplies_sofa,FloorPlan201,2026. 4. 14,TRUE,1,1,1,0.333,24,12,90.8s,"122,912","119,054","3,858",1,3대 / 2번,분해,,,,,,,,,,,,,,,,,,,
,,,,,,,,,,,,,,,,3대 / 2번,,,,,,,,,,,,,,,,,,,,
,,,,,,,,,,,,,,,,3대 / 2번,,,,,,,,,,,,,,,,,,,,
,,,,,,,,,,,,,,,,3대 / 2번,,,,,,,,,,,,,,,,,,,,
,,,,,,,,,,,,,,,,3대 / 2번,,,,,,,,,,,,,,,,,,,,
,3_put_all_shakers_fridge,FloorPlan1,2026. 4. 14,TRUE,1,1,1,0,10,6,77.6s,"58,610","56,257","2,353",1,3대 / 2번,,,,,,,,,,,,,,,,,,,,
,,,,,,,,,,,,,,,,3대 / 2번,,,,,,,,,,,,,,,,,,,,
,,,,,,,,,,,,,,,,3대 / 2번,,,,,,,,,,,,,,,,,,,,
,,,,,,,,,,,,,,,,3대 / 2번,,,,,,,,,,,,,,,,,,,,
,,,,,,,,,,,,,,,,3대 / 2번,,,,,,,,,,,,,,,,,,,,
,,,,,,,,,,,,,,,,3대 / 2번,,,,,,,,,,,,,,,,,,,,
,,,,,,,,,,,,,,,,3대 / 2번,,,,,,,,,,,,,,,,,,,,
,,,,,,,,,,,,,,,,3대 / 2번,,,,,,,,,,,,,,,,,,,,
,,,,,,,,,,,,,,,,3대 / 2번,,,,,,,,,,,,,,,,,,,,
,,,,,,,,,,,,,,,,3대 / 2번,,,,,,,,,,,,,,,,,,,,
,3_put_all_silverware_drawer,FloorPlan2,2026. 4. 14,FALSE,0.316,0.727,1,0.25,22,12,132.6s,"156,572","150,239","6,333",0.727,3대 / 2번,분해,,,,,,,,,,,,,,,,,,,
,,,,,,,,,,,,,,,,3대 / 2번,,,,,,,,,,,,,,,,,,,,
,,,,,,,,,,,,,,,,3대 / 2번,,,,,,,,,,,,,,,,,,,,
,,,,,,,,,,,,,,,,3대 / 2번,,,,,,,,,,,,,,,,,,,,
,,,,,,,,,,,,,,,,3대 / 2번,,,,,,,,,,,,,,,,,,,,
,,,,,,,,,,,,,,,,3대 / 2번,,,,,,,,,,,,,,,,,,,,
,,,,,,,,,,,,,,,,3대 / 2번,,,,,,,,,,,,,,,,,,,,
,,,,,,,,,,,,,,,,3대 / 2번,,,,,,,,,,,,,,,,,,,,
,,,,,,,,,,,,,,,,3대 / 2번,,,,,,,,,,,,,,,,,,,,
,,,,,,,,,,,,,,,,3대 / 2번,,,,,,,,,,,,,,,,,,,,
,,,,,,,,,,,,,,,,3대 / 2번,,,,,,,,,,,,,,,,,,,,
,4_clear_couch_livingroom,FloorPlan201,2026. 4. 14,FALSE,0.429,0.273,1,0.667,16,7,151.6s,"84,582","81,941","2,641",0.273,3대 / 2번,,,,,,,,,,,,,,,,,,,,
,,,,,,,,,,,,,,,,3대 / 2번,,,,,,,,,,,,,,,,,,,,
,,,,,,,,,,,,,,,,3대 / 2번,,,,,,,,,,,,,,,,,,,,
,,,,,,,,,,,,,,,,3대 / 2번,,,,,,,,,,,,,,,,,,,,
,,,,,,,,,,,,,,,,3대 / 2번,,,,,,,,,,,,,,,,,,,,
,4_clear_countertop_kitchen,FloorPlan1,2026. 4. 14,FALSE,0.8,0.588,0.971,0.75,68,31,438.6s,"423,061","409,783","13,278",0.588,3대 / 2번,죄다 바닥에 놓음,,,,,,,,,,,,,,,,,,,
,,,,,,,,,,,,,,,,3대 / 2번,,,,,,,,,,,,,,,,,,,,
,,,,,,,,,,,,,,,,3대 / 2번,,,,,,,,,,,,,,,,,,,,
,,,,,,,,,,,,,,,,3대 / 2번,,,,,,,,,,,,,,,,,,,,
,,,,,,,,,,,,,,,,3대 / 2번,,,,,,,,,,,,,,,,,,,,
,4_clear_floor_kitchen,FloorPlan1,2026. 4. 14,TRUE,0.8,1,1,0,8,4,32.1s,"54,428","53,113","1,315",1,3대 / 2번,,,,,,,,,,,,,,,,,,,,
,,,,,,,,,,,,,,,,3대 / 2번,,,,,,,,,,,,,,,,,,,,
,,,,,,,,,,,,,,,,3대 / 2번,,,,,,,,,,,,,,,,,,,,
,,,,,,,,,,,,,,,,3대 / 2번,,,,,,,,,,,,,,,,,,,,
,,,,,,,,,,,,,,,,3대 / 2번,,,,,,,,,,,,,,,,,,,,
,4_clear_table_kitchen,FloorPlan4,2026. 4. 14,FALSE,0.833,0.8,0.967,0.4,30,18,106.0s,"274,785","263,648","11,137",0.8,3대 / 2번,,,,,,,,,,,,,,,,,,,,
,,,,,,,,,,,,,,,,3대 / 2번,,,,,,,,,,,,,,,,,,,,
,,,,,,,,,,,,,,,,3대 / 2번,,,,,,,,,,,,,,,,,,,,
,,,,,,,,,,,,,,,,3대 / 2번,,,,,,,,,,,,,,,,,,,,
,,,,,,,,,,,,,,,,3대 / 2번,,,,,,,,,,,,,,,,,,,,
,4_make_livingroom_dark,FloorPlan201,2026. 4. 14,TRUE,1,1,1,1,6,2,20.3s,"46,268","45,115","1,153",1,3대 / 2번,,,,,,,,,,,,,,,,,,,,
,,,,,,,,,,,,,,,,3대 / 2번,,,,,,,,,,,,,,,,,,,,
,,,,,,,,,,,,,,,,3대 / 2번,,,,,,,,,,,,,,,,,,,,
,,,,,,,,,,,,,,,,3대 / 2번,,,,,,,,,,,,,,,,,,,,
,,,,,,,,,,,,,,,,3대 / 2번,,,,,,,,,,,,,,,,,,,,
,4_put_appropriate_storage,FloorPlan2,2026. 4. 14,FALSE,0.421,0.864,1,0.25,26,18,64.8s,"126,943","122,567","4,376",0.864,3대 / 2번,,,,,,,,,,,,,,,,,,,,
,,,,,,,,,,,,,,,,3대 / 2번,,,,,,,,,,,,,,,,,,,,
,,,,,,,,,,,,,,,,3대 / 2번,,,,,,,,,,,,,,,,,,,,
,,,,,,,,,,,,,,,,3대 / 2번,,,,,,,,,,,,,,,,,,,,
,,,,,,,,,,,,,,,,3대 / 2번,,,,,,,,,,,,,,,,,,,,
,,,,,,,,,,,,,,,,,,,,,,,,,,,,,,,,,,,,
,,,,,,,,,,,,,,,,,,,,,,,,,,,,,,,,,,,,
,,,,,,,,,,,,,,,,,,,,,,,,,,,,,,,,,,,,
베이스라인명: SmartLLM,execute_step_timeout,1_put_bread_lettuce_tomato_fridge,FloorPlan1,0,0,30,30,13.511,0,0,0,1,0,0,0,14,,,,,,,,,,,,,,,,,,,,
SmartLLM,execute_step_timeout,1_put_computer_book_remotecontrol_sofa,FloorPlan201,0,0,30,30,12.492,0,0,1,1,0,0,0,12,,,,,,,,,,,,,,,,,,,,
SmartLLM,execute_step_timeout,1_put_knife_bowl_mug_countertop,FloorPlan1,0.167,0,30,30,12.027,0,0,0,0.567,0,0.167,0,12,,,,,,,,,,,,,,,,,,,,
SmartLLM,execute_step_timeout,1_put_plate_mug_bowl_fridge,FloorPlan1,0,0,30,30,13.562,0,0,0,1,0,0,0,14,,,,,,,,,,,,,,,,,,,,
SmartLLM,execute_step_timeout,1_wash_bowl_mug_pot_pan,FloorPlan1,0,0,30,30,11.97,0,0,0,1,0,0,0,8,,,,,,,,,,,,,,,,,,,,
SmartLLM,execute,1_put_vase_tissuebox_remotecontrol_table,FloorPlan201,0.333,0.333,26,26,19.457,0,0.333,0,1,0,0.333,2,4,,,,,,,,,,,,,,,,,,,,
SmartLLM,execute_step_timeout,1_slice_bread_lettuce_tomato_egg,FloorPlan5,0.5,0.5,30,30,12.936,0,0.5,0,0.933,0,0.5,4,4,NavigateTo(Bread_1)|NavigateTo(Lettuce_1)|SliceObject(Bread_1)|SliceObject(Lettuce_1),NavigateTo(Egg_1)|NavigateTo(Tomato_1)|SliceObject(Egg_1)|SliceObject(Tomato_1),step_timeout:30,,,,,,,,,,,,,,,,,
SmartLLM,execute,1_turn_off_faucet_light,FloorPlan1,0.5,0.5,14,14,17.603,0,0.5,0,1,0,0.5,2,2,,,,,,,,,,,,,,,,,,,,
SmartLLM,execute_step_timeout,1_wash_bowl_mug_pot_pan,FloorPlan1,0,0,30,30,11.97,0,0,0,1,0,0,0,8,,,,,,,,,,,,,,,,,,,,
SmartLLM,execute_step_timeout,2_put_all_creditcards_remotecontrols_box,FloorPlan201,0.333,0,40,40,11.981,0,0,0,0.9,0,0.333,0,8,,,,,,,,,,,,,,,,,,,,
SmartLLM,execute_step_timeout,2_put_all_tomatoes_potatoes_fridge,FloorPlan1,0.333,0.1,40,40,14.432,0,0.1,0,0.95,0,0.333,1,9,PickupObject(Tomato),"CloseObject(Fridge)|NavigateTo(Fridge, Potato)|NavigateTo(Fridge, Tomato)|NavigateTo(Potato)|NavigateTo(Tomato)|OpenObject(Fridge)|PickupObject(Potato)|PutObject(Fridge, Potato)|PutObject(Fridge, Tomato)",step_timeout:40,,,,,,,,,,,,,,,,,
SmartLLM,execute_step_timeout,3_put_all_groceries_fridge,FloorPlan1,0,0,50,50,16.316,0,0,0.889,1,0,0,0,22,,,,,,,,,,,,,,,,,,,,
SmartLLM,execute_step_timeout,3_clear_table_to_sofa,FloorPlan201,0.2,0,40,40,14.854,0,0,0,1,0,0.2,0,12,,"NavigateTo(Book_1)|NavigateTo(Bowl_1)|NavigateTo(Laptop_1)|NavigateTo(Sofa, Book)|NavigateTo(Sofa, Bowl)|NavigateTo(Sofa, Laptop)|PickUpObject(Book_1)|PickUpObject(Bowl_1)|PickUpObject(Laptop_1)|PutObject(Sofa, Book)|PutObject(Sofa, Bowl)|PutObject(Sofa, Laptop)",step_timeout:40,,,,,,,,,,,,,,,,,
SmartLLM,execute_step_timeout,3_put_all_groceries_fridge,FloorPlan1,0,0,40,40,15.744,0,0,0,1,0,0,0,22,,,,,,,,,,,,,,,,,,,,
SmartLLM,execute_step_timeout,3_put_all_shakers_fridge,FloorPlan1,0,0,40,40,14.9,0,0,0,1,0,0,0,10,,,,,,,,,,,,,,,,,,,,
SmartLLM,execute_step_timeout,4_clear_table_kitchen,FloorPlan4,0,0,40,40,17.373,0,0,0,0.975,0,0,0,25,,,,,,,,,,,,,,,,,,,,
SmartLLM,execute_step_timeout,4_clear_couch_livingroom,FloorPlan201,0,0,40,40,16.811,0,0,0,1,0,0,0,22,,,,,,,,,,,,,,,,,,,,
SmartLLM,execute,4_make_livingroom_dark,FloorPlan201,0,0,0,0,14.387,0,0,0,0,0,0,0,2,,,,,,,,,,,,,,,,,,,,
SmartLLM,execute_step_timeout,4_slice_all_sliceable,FloorPlan1,0.5,0.5,40,40,14.343,0,0.5,0.733,0.975,0,0.5,6,6,,,,,,,,,,,,,,,,,,,,
,,,,,,,,,,,,,,,,,,,,,,,,,,,,,,,,,,,,
method,mode,task_folder,scene,coverage,transport_rate,steps,makespan,wall_makespan_s,finished,subtask_sr,balance,exec_rate,sr,gcr,completed_count,missing_count,completed_items,missing_items,dropped_subtasks,pq_total_replans,pq_successful_replans,pq,planning_tokens_total,planning_tokens_prompt,planning_tokens_output,replan_tokens_total,replan_tokens_prompt,replan_tokens_output,total_tokens,total_tokens_prompt,total_tokens_output,initial_planning_time_s,replan_planning_time_s,all_planning_time_s,execution_time_s,total_time_s
베이스라인명: PDL_central,feedback,1_put_bread_lettuce_tomato_fridge,FloorPlan1,1,1,14,6,69.284,1,1,0.5,1,1,1,14,0,"CloseObject(Fridge_1)|NavigateTo(Bread_1)|NavigateTo(Fridge_1, Bread_1)|NavigateTo(Fridge_1, Lettuce_1)|NavigateTo(Fridge_1, Tomato_1)|NavigateTo(Lettuce_1)|NavigateTo(Tomato_1)|OpenObject(Fridge_1)|PickupObject(Bread_1)|PickupObject(Lettuce_1)|PickupObject(Tomato_1)|PutObject(Fridge_1, Bread_1)|PutObject(Fridge_1, Lettuce_1)|PutObject(Fridge_1, Tomato_1)",,,0,0,0,0,0,0,2035,1637,398,2035,1637,398,0.001,0,0.001,73.886,73.887
PDL_central,feedback,1_put_computer_book_remotecontrol_sofa,FloorPlan201,1,1,12,4,63.636,1,1,1,1,1,1,12,0,"NavigateTo(Book_1)|NavigateTo(Laptop_1)|NavigateTo(RemoteControl_1)|NavigateTo(Sofa_1, Book_1)|NavigateTo(Sofa_1, Laptop_1)|NavigateTo(Sofa_1, RemoteControl_1)|PickObject(Book_1)|PickObject(Laptop_1)|PickObject(RemoteControl_1)|PutObject(Sofa_1, Book_1)|PutObject(Sofa_1, Laptop_1)|PutObject(Sofa_1, RemoteControl_1)",,,0,0,0,0,0,0,1796,1564,232,1796,1564,232,0.001,0,0.001,68.034,68.036
PDL_central,feedback,1_put_knife_bowl_mug_countertop,FloorPlan1,1,1,12,4,29.185,1,1,1,1,1,1,12,0,"NavigateTo(Bowl_1)|NavigateTo(ButterKnife_1)|NavigateTo(CounterTop_1, ButterKnife_1)|NavigateTo(CounterTop_2, Bowl_1)|NavigateTo(CounterTop_3, Mug_1)|NavigateTo(Mug_1)|PickupObject(Bowl_1)|PickupObject(ButterKnife_1)|PickupObject(Mug_1)|PutObject(CounterTop_1, ButterKnife_1)|PutObject(CounterTop_2, Bowl_1)|PutObject(CounterTop_3, Mug_1)",,,0,0,0,0,0,0,1799,1567,232,1799,1567,232,0.001,0,0.001,33.705,33.706
PDL_central,feedback,1_put_plate_mug_bowl_fridge,FloorPlan1,1,0.643,13,4,224.074,0,0.643,1,0.692,0,1,9,5,"NavigateTo(Bowl_1)|NavigateTo(Fridge_1, Bowl_1)|NavigateTo(Fridge_1, Mug_1)|NavigateTo(Fridge_1, Plate_1)|NavigateTo(Mug_1)|NavigateTo(Plate_1)|PickupObject(Bowl_1)|PickupObject(Mug_1)|PickupObject(Plate_1)","CloseObject(Fridge_1)|OpenObject(Fridge_1)|PutObject(Fridge, Bowl)|PutObject(Fridge, Mug)|PutObject(Fridge, Plate)",,3,3,1,0,0,0,135448,130861,4587,135448,130861,4587,0.001,58.917,58.919,169.795,228.714
PDL_central,feedback,1_put_remotecontrol_keys_watch_box,FloorPlan201,1,1,14,6,52.762,1,1,0.5,1,1,1,12,0,"NavigateTo(Box_1, KeyChain_1)|NavigateTo(Box_1, RemoteControl_1)|NavigateTo(Box_1, Watch_1)|NavigateTo(KeyChain_1)|NavigateTo(RemoteControl_1)|NavigateTo(Watch_1)|PickupObject(KeyChain_1)|PickupObject(RemoteControl_1)|PickupObject(Watch_1)|PutObject(Box_1, KeyChain_1)|PutObject(Box_1, RemoteControl_1)|PutObject(Box_1, Watch_1)",,,0,0,0,0,0,0,2018,1614,404,2018,1614,404,0.001,0,0.001,57.779,57.78
PDL_central,feedback,1_put_vase_tissuebox_remotecontrol_table,FloorPlan201,1,1,12,8,64.722,1,1,1,1,1,1,6,0,NavigateTo(RemoteControl_1)|NavigateTo(TissueBox_1)|NavigateTo(Vase_1)|PickupObject(RemoteControl_1)|PickupObject(TissueBox_1)|PickupObject(Vase_1),,,0,0,0,0,0,0,1850,1584,266,1850,1584,266,0.001,0,0.001,69.237,69.238
PDL_central,feedback,1_slice_bread_lettuce_tomato_egg,FloorPlan1,1,1,14,10,112.522,1,1,0.2,1,1,1,8,0,NavigateTo(Bread_1)|NavigateTo(Egg_1)|NavigateTo(Lettuce_1)|NavigateTo(Tomato_1)|SliceObject(Bread_1)|SliceObject(Egg_1)|SliceObject(Lettuce_1)|SliceObject(Tomato_1),,,0,0,0,0,0,0,1869,1590,279,1869,1590,279,0.001,0,0.001,117.537,117.539
PDL_central,feedback,1_turn_off_faucet_light,FloorPlan1,1,1,4,2,14.248,1,1,0,1,1,1,4,0,NavigateTo(Faucet_1)|NavigateTo(LightSwitch_1)|ToggleObjectOff(Faucet_1)|ToggleObjectOff(LightSwitch_1),,,0,0,0,0,0,0,1565,1426,139,1565,1426,139,0.001,0,0.001,18.534,18.535
PDL_central,feedback,1_wash_bowl_mug_pot_pan,FloorPlan1,0.25,0.25,11,8,45.939,0,0.25,0,0.909,0,0.25,2,6,CleanObject(Pot_1)|NavigateTo(Pot_1),CleanObject(Bowl_1)|CleanObject(Mug_1)|CleanObject(Pan_1)|NavigateTo(Bowl_1)|NavigateTo(Mug_1)|NavigateTo(Pan_1),,1,1,1,0,0,0,66972,64284,2688,66972,64284,2688,0.001,28.154,28.156,22.114,50.27
PDL_central,feedback,2_open_all_drawers,FloorPlan1,1,1,18,6,167.731,1,1,1,1,1,1,18,0,NavigateTo(Drawer_1)|NavigateTo(Drawer_2)|NavigateTo(Drawer_3)|NavigateTo(Drawer_4)|NavigateTo(Drawer_5)|NavigateTo(Drawer_6)|NavigateTo(Drawer_7)|NavigateTo(Drawer_8)|NavigateTo(Drawer_9)|OpenObject(Drawer_1)|OpenObject(Drawer_2)|OpenObject(Drawer_3)|OpenObject(Drawer_4)|OpenObject(Drawer_5)|OpenObject(Drawer_6)|OpenObject(Drawer_7)|OpenObject(Drawer_8)|OpenObject(Drawer_9),,,0,0,0,0,0,0,2130,1734,396,2130,1734,396,0.002,0,0.002,172.372,172.374
PDL_central,feedback,2_close_all_cabinets,FloorPlan1,1,1,18,6,228.138,1,1,1,1,1,1,18,0,CloseObject(Cabinet_1)|CloseObject(Cabinet_2)|CloseObject(Cabinet_3)|CloseObject(Cabinet_4)|CloseObject(Cabinet_5)|CloseObject(Cabinet_6)|CloseObject(Cabinet_7)|CloseObject(Cabinet_8)|CloseObject(Cabinet_9)|NavigateTo(Cabinet_1)|NavigateTo(Cabinet_2)|NavigateTo(Cabinet_3)|NavigateTo(Cabinet_4)|NavigateTo(Cabinet_5)|NavigateTo(Cabinet_6)|NavigateTo(Cabinet_7)|NavigateTo(Cabinet_8)|NavigateTo(Cabinet_9),,,0,0,0,0,0,0,2139,1743,396,2139,1743,396,0.002,0,0.002,232.793,232.795
PDL_central,feedback,2_turn_on_all_stove_knobs,FloorPlan1,1,1,8,4,40.75,1,1,0.5,1,1,1,8,0,NavigateTo(StoveKnob_1)|NavigateTo(StoveKnob_2)|NavigateTo(StoveKnob_3)|NavigateTo(StoveKnob_4)|ToggleObjectOn(StoveKnob_1)|ToggleObjectOn(StoveKnob_2)|ToggleObjectOn(StoveKnob_3)|ToggleObjectOn(StoveKnob_4),,,0,0,0,0,0,0,1769,1553,216,1769,1553,216,0.001,0,0.001,45.038,45.039
PDL_central,feedback,2_put_all_vases_countertop,FloorPlan1,1,1,8,4,24.433,1,0.8,0,1,1,1,4,1,"NavigateTo(CounterTop, Vase)|NavigateTo(Vase)|PickupObject(Vase)|PutObject(Countertop, Vase)","PutObject(CounterTop, Vase)",,0,0,0,0,0,0,1697,1494,203,1697,1494,203,0.001,0,0.001,28.668,28.669
PDL_central,feedback,2_put_all_tomatoes_potatoes_fridge,FloorPlan1,1,1,12,12,42.749,1,1,0,1,1,1,10,0,"CloseObject(Fridge)|NavigateTo(Fridge, Potato)|NavigateTo(Fridge, Tomato)|NavigateTo(Potato)|NavigateTo(Tomato)|OpenObject(Fridge)|PickupObject(Potato)|PickupObject(Tomato)|PutObject(Fridge, Potato)|PutObject(Fridge, Tomato)",,,0,0,0,0,0,0,2025,1535,490,2025,1535,490,0.001,0,0.001,47.008,47.009
PDL_central,feedback,2_put_all_creditcards_remotecontrols_box,FloorPlan201,1,1,12,12,61.106,1,1,0,1,1,1,8,0,"NavigateTo(Box, CreditCard)|NavigateTo(Box, RemoteControl)|NavigateTo(CreditCard)|NavigateTo(RemoteControl)|PickupObject(CreditCard)|PickupObject(RemoteControl)|PutObject(Box, CreditCard)|PutObject(Box, RemoteControl)",,,0,0,0,0,0,0,1829,1536,293,1829,1536,293,0.001,0,0.001,65.256,65.258
,,,,,,,,,,,,,,,,,,,,,,,,,,,,,,,,,,,,
PDL_central,feedback,3_put_all_groceries_fridge,FloorPlan1,0.833,0.818,22,12,211.468,0,0.818,0.5,1,0,0.833,18,4,"CloseObject(Fridge_1)|NavigateTo(Apple_1)|NavigateTo(Bread_1)|NavigateTo(Fridge_1, Apple_1)|NavigateTo(Fridge_1, Bread_1)|NavigateTo(Fridge_1, Lettuce_1)|NavigateTo(Fridge_1, Tomato_1)|NavigateTo(Lettuce_1)|NavigateTo(Tomato_1)|OpenObject(Fridge_1)|PickUpObject(Apple_1)|PickUpObject(Bread_1)|PickUpObject(Lettuce_1)|PickUpObject(Tomato_1)|PutObject(Fridge_1, Apple_1)|PutObject(Fridge_1, Bread_1)|PutObject(Fridge_1, Lettuce_1)|PutObject(Fridge_1, Tomato_1)","NavigateTo(Fridge, Potato)|NavigateTo(Potato_1)|PickUpObject(Potato_1)|PutObject(Fridge, Potato)",,0,0,0,0,0,0,2469,1787,682,2469,1787,682,0.001,0,0.001,216.156,216.157
PDL_central,feedback,3_put_all_shakers_fridge,FloorPlan1,1,1,10,6,33.528,1,1,0,1,1,1,10,0,"CloseObject(Fridge_1)|NavigateTo(Fridge_1, PepperShaker_1)|NavigateTo(Fridge_1, SaltShaker_1)|NavigateTo(PepperShaker_1)|NavigateTo(SaltShaker_1)|OpenObject(Fridge_1)|PickUpObject(PepperShaker_1)|PickUpObject(SaltShaker_1)|PutObject(Fridge_1, PepperShaker_1)|PutObject(Fridge_1, SaltShaker_1)",,,0,0,0,0,0,0,1872,1550,322,1872,1550,322,0.001,0,0.001,37.839,37.84
PDL_central,feedback,3_put_all_silverware_drawer,FloorPlan2,0.316,0.727,22,15,89.931,0,0.727,0.25,1,0,0.316,16,6,"NavigateTo(ButterKnife_1)|NavigateTo(Drawer_1, Fork_1)|NavigateTo(Drawer_1, Spoon_1)|NavigateTo(Drawer_2, Knife_1)|NavigateTo(Fork_1)|NavigateTo(Knife_1)|NavigateTo(Spoon_1)|OpenObject(Drawer_1, Fork_1)|OpenObject(Drawer_2, Knife_1)|PickUpObject(ButterKnife_1)|PickUpObject(Fork_1)|PickUpObject(Knife_1)|PickUpObject(Spoon_1)|PutObject(Drawer_1, Fork_1)|PutObject(Drawer_1, Spoon_1)|PutObject(Drawer_2, Knife_1)","NavigateTo(Drawer, Spatula)|NavigateTo(Spatula_1)|OpenObject(Drawer, Spatula)|OpenObject(Drawer, Spoon)|PickUpObject(Spatula_1)|PutObject(Drawer, Spatula)",,0,0,0,0,0,0,2444,1747,697,2444,1747,697,0.001,0,0.001,94.279,94.281
PDL_central,feedback,3_put_all_school_supplies_sofa,FloorPlan201,0.8,0.75,12,4,45.831,0,0.75,1,1,0,0.8,12,4,"NavigateTo(Book_1)|NavigateTo(Pen_1)|NavigateTo(Pencil_1)|NavigateTo(Sofa_1, Book_1)|NavigateTo(Sofa_1, Pen_1)|NavigateTo(Sofa_1, Pencil_1)|PickUpObject(Book_1)|PickUpObject(Pen_1)|PickUpObject(Pencil_1)|PutObject(Sofa_1, Book_1)|PutObject(Sofa_1, Pen_1)|PutObject(Sofa_1, Pencil_1)","NavigateTo(Laptop_1)|NavigateTo(Sofa, Laptop)|PickUpObject(Laptop_1)|PutObject(Sofa, Laptop)",,0,0,0,0,0,0,1789,1560,229,1789,1560,229,0.001,0,0.001,50.037,50.038
PDL_central,feedback,3_clear_table_to_sofa,FloorPlan201,0.4,0.333,20,8,124.102,0,0.333,0.5,1,0,0.4,4,8,"NavigateTo(Book_1)|NavigateTo(Sofa_1, Book_1)|PickUpObject(Book_1)|PutObject(Sofa_1, Book_1)","NavigateTo(Bowl_1)|NavigateTo(Laptop_1)|NavigateTo(Sofa, Bowl)|NavigateTo(Sofa, Laptop)|PickUpObject(Bowl_1)|PickUpObject(Laptop_1)|PutObject(Sofa, Bowl)|PutObject(Sofa, Laptop)",,0,0,0,0,0,0,2093,1709,384,2093,1709,384,0.001,0,0.001,129.267,129.269
PDL_central,feedback,4_clear_floor_kitchen,FloorPlan1,0.8,1,8,4,23.861,1,1,0,1,1,0.8,8,0,"NavigateTo(Apple_1)|NavigateTo(CounterTop_1, Apple_1)|NavigateTo(CounterTop_2, Tomato_1)|NavigateTo(Tomato_1)|PickUpObject(Apple_1)|PickUpObject(Tomato_1)|PutObject(CounterTop_1, Apple_1)|PutObject(CounterTop_2, Tomato_1)",,,0,0,0,0,0,0,1749,1486,263,1749,1486,263,0.001,0,0.001,28.359,28.36
PDL_central,feedback,4_clear_table_kitchen,FloorPlan4,0.5,0.24,8,3,66.922,0,0.24,0,0.875,0,0.5,6,19,"NavigateTo(Drawer_1, Fork_1)|NavigateTo(Fork_1)|NavigateTo(Fridge_1, Lettuce_1)|NavigateTo(Lettuce_1)|PickUpObject(Fork_1)|PickUpObject(Lettuce_1)","CloseObject(Fridge_1)|NavigateTo(ButterKnife_1)|NavigateTo(Drawer, ButterKnife)|NavigateTo(Drawer, Spoon)|NavigateTo(Fridge, Tomato)|NavigateTo(Spoon_1)|NavigateTo(Tomato_1)|OpenObject(Drawer, ButterKnife)|OpenObject(Drawer, Fork)|OpenObject(Drawer, Spoon)|OpenObject(Fridge_1)|PickUpObject(ButterKnife_1)|PickUpObject(Spoon_1)|PickUpObject(Tomato_1)|PutObject(Drawer, ButterKnife)|PutObject(Drawer, Fork)|PutObject(Drawer, Spoon)|PutObject(Fridge, Lettuce)|PutObject(Fridge, Tomato)",,1,0,0,0,0,0,96632,92156,4476,96632,92156,4476,0.002,44.503,44.505,27.882,72.387
PDL_central,feedback,4_clear_countertop_kitchen,FloorPlan1,0.2,0.118,19,9,353.9s,0,0.235,0.2,0.895,0,0.2,2,15,NavigateTo(ButterKnife_1)|PickUpObject(ButterKnife_1),"CloseObject(Fridge_1)|NavigateTo(Apple_1)|NavigateTo(Drawer, Fork)|NavigateTo(Fork_1)|NavigateTo(Fridge, Apple)|NavigateTo(Fridge, Tomato)|NavigateTo(Tomato_1)|OpenObject(Drawer, Fork)|OpenObject(Fridge_1)|PickUpObject(Apple_1)|PickUpObject(Fork_1)|PickUpObject(Tomato_1)|PutObject(Drawer, Fork)|PutObject(Fridge, Apple)|PutObject(Fridge, Tomato)",,2,0,0,0,0,0,506039,486883,19156,506039,0,0,0,227.8,227.8,131.3,359.1
PDL_central,feedback,4_clear_couch_livingroom,FloorPlan201,0.429,0.273,16,7,162.975,0,0.273,0.667,0.938,0,0.429,6,16,NavigateTo(KeyChain_1)|NavigateTo(Pen_1)|NavigateTo(Pencil_1)|PickUpObject(KeyChain_1)|PickUpObject(Pen_1)|PickUpObject(Pencil_1),"NavigateTo(Book_1)|NavigateTo(Drawer, Book)|NavigateTo(Drawer, Pen)|NavigateTo(Drawer, Pencil)|NavigateTo(Drawer, Watch)|NavigateTo(Watch_1)|OpenObject(Drawer, Book)|OpenObject(Drawer, Pen)|OpenObject(Drawer, Pencil)|OpenObject(Drawer, Watch)|PickUpObject(Book_1)|PickUpObject(Watch_1)|PutObject(Drawer, Book)|PutObject(Drawer, Pen)|PutObject(Drawer, Pencil)|PutObject(Drawer, Watch)",,1,0,0,0,0,0,18510,17637,873,18510,17637,873,0.001,9.091,9.093,158.507,167.6
PDL_central,feedback,4_make_livingroom_dark,FloorPlan201,1,1,6,2,15.482,1,1,1,1,1,1,2,0,NavigateTo(LightSwitch_1)|ToggleObjectOff(LightSwitch_1),,,0,0,0,0,0,0,1685,1481,204,1685,1481,204,0.002,0,0.002,19.698,19.699
,,,,,,,,,,,,,,,,,,,,,,,,,,,,,,,,,,,,
PDL_central,feedback,4_put_appropriate_storage,FloorPlan2,0.632,1,36,12,355.462,1,1,0.875,0.972,1,0.632,22,0,"NavigateTo(ButterKnife_1)|NavigateTo(Drawer_2, Fork_1)|NavigateTo(Drawer_3, Spoon_1)|NavigateTo(Drawer_4, Knife_1)|NavigateTo(Drawer_6, Spatula_1)|NavigateTo(Fork_1)|NavigateTo(Knife_1)|NavigateTo(Spatula_1)|NavigateTo(Spoon_1)|OpenObject(Drawer_2, Fork_1)|OpenObject(Drawer_3, Spoon_1)|OpenObject(Drawer_4, Knife_1)|OpenObject(Drawer_6, Spatula_1)|PickUpObject(ButterKnife_1)|PickUpObject(Fork_1)|PickUpObject(Knife_1)|PickUpObject(Spatula_1)|PickUpObject(Spoon_1)|PutObject(Drawer_2, Fork_1)|PutObject(Drawer_3, Spoon_1)|PutObject(Drawer_4, Knife_1)|PutObject(Drawer_6, Spatula_1)",,,0,0,0,0,0,0,2686,1962,724,2686,1962,724,0.002,0,0.002,359.671,359.673
,,,,,,,,,,,,,,,,,,,,,,,,,,,,,,,,,,,,
,,,,,,,,,,,,,,,,,,,,,,,,,,,,,,,,,,,,
,,,,,,,,,,,,,,,,,,,,,,,,,,,,,,,,,,,,
,,,,,,,,,,,,,,,,,,,,,,,,,,,,,,,,,,,,
,,,,,,,,,,,,,,,,,,,,,,,,,,,,,,,,,,,,
,,,,,,,,,,,,,,,,,,,,,,,,,,,,,,,,,,,,
method,talk_iter,mode,task_folder,scene,coverage,transport_rate,steps,makespan,wall_makespan_s,finished,subtask_sr,balance,exec_rate,sr,gcr,completed_count,missing_count,completed_items,missing_items,,,,,,,,,,,,,,,,,
베이스라인명: COELA,1,execute,1_put_bread_lettuce_tomato_fridge,FloorPlan1,1,1,15,6,164.712,1,1,0.667,0.933,1,1,14,0,"CloseObject(Fridge_1)|NavigateTo(Bread_1)|NavigateTo(Fridge_1, Bread_1)|NavigateTo(Fridge_1, Lettuce_1)|NavigateTo(Fridge_1, Tomato_1)|NavigateTo(Lettuce_1)|NavigateTo(Tomato_1)|OpenObject(Fridge_1)|PickupObject(Bread_1)|PickupObject(Lettuce_1)|PickupObject(Tomato_1)|PutObject(Fridge_1, Bread_1)|PutObject(Fridge_1, Lettuce_1)|PutObject(Fridge_1, Tomato_1)",,,,,,,,,,,,,,,,,,
COELA,2,execute,1_put_bread_lettuce_tomato_fridge,FloorPlan1,1,0.429,30,19,247.857,0,0.429,0.4,0.333,0,1,6,8,"NavigateTo(Fridge_1, Lettuce_1)|NavigateTo(Lettuce_1)|NavigateTo(Tomato_1)|OpenObject(Fridge_1)|PickupObject(Lettuce_1)|PutObject(Fridge_1, Lettuce_1)",,,,,,,,,,,,,,,,,,
COELA,1,execute,1_put_computer_book_remotecontrol_sofa,FloorPlan201,1,0.333,30,16,168.461,0,0.333,0.333,0.2,0,1,4,8,"NavigateTo(Book_1)|NavigateTo(Laptop_1)|NavigateTo(RemoteControl_1)|NavigateTo(Sofa_1, Laptop_1)",,,,,,,,,,,,,,,,,,
COELA,2,execute,1_put_computer_book_remotecontrol_sofa,FloorPlan201,1,0.5,30,14,199.586,0,0.5,0.25,0.267,0,1,6,6,"NavigateTo(Book_1)|NavigateTo(Laptop_1)|NavigateTo(RemoteControl_1)|NavigateTo(Sofa_1, Laptop_1)|NavigateTo(Sofa_1, RemoteControl_1)|PutObject(Sofa_1, RemoteControl_1)",,,,,,,,,,,,,,,,,,
COELA,1,execute,1_put_knife_bowl_mug_countertop,FloorPlan1,0.833,0.5,30,27,273.181,0,0.5,0.167,0.3,0,0.833,6,6,"NavigateTo(Bowl_1)|NavigateTo(ButterKnife_1)|NavigateTo(CounterTop_2, Mug_1)|NavigateTo(Mug_1)|PickupObject(Mug_1)|PutObject(CounterTop_2, Mug_1)",,,,,,,,,,,,,,,,,,
COELA,2,execute,1_put_knife_bowl_mug_countertop,FloorPlan1,0.667,0.167,30,14,241.586,0,0.167,0.5,0.3,0,0.667,2,10,NavigateTo(Bowl_1)|NavigateTo(Mug_1),,,,,,,,,,,,,,,,,,
COELA,1,execute,1_put_plate_mug_bowl_fridge,FloorPlan1,1,0.357,30,17,217.154,0,0.357,0.667,0.267,0,1,5,9,NavigateTo(Bowl_1)|NavigateTo(Mug_1)|NavigateTo(Plate_1)|OpenObject(Fridge_1)|PickupObject(Plate_1),,,,,,,,,,,,,,,,,,
COELA,2,execute,1_put_plate_mug_bowl_fridge,FloorPlan1,1,1,17,13,242.765,1,1,0.5,0.824,1,1,14,0,"CloseObject(Fridge_1)|NavigateTo(Bowl_1)|NavigateTo(Fridge_1, Bowl_1)|NavigateTo(Fridge_1, Mug_1)|NavigateTo(Fridge_1, Plate_1)|NavigateTo(Mug_1)|NavigateTo(Plate_1)|OpenObject(Fridge_1)|PickupObject(Bowl_1)|PickupObject(Mug_1)|PickupObject(Plate_1)|PutObject(Fridge_1, Bowl_1)|PutObject(Fridge_1, Mug_1)|PutObject(Fridge_1, Plate_1)",,,,,,,,,,,,,,,,,,
COELA,1,execute,1_put_remotecontrol_keys_watch_box,FloorPlan201,1,0.833,30,21,305.751,0,0.833,0.5,0.633,0,1,10,2,"NavigateTo(Box_1, RemoteControl_1)|NavigateTo(Box_1, Watch_1)|NavigateTo(KeyChain_1)|NavigateTo(RemoteControl_1)|NavigateTo(Watch_1)|PickupObject(KeyChain_1)|PickupObject(RemoteControl_1)|PickupObject(Watch_1)|PutObject(Box_1, RemoteControl_1)|PutObject(Box_1, Watch_1)",,,,,,,,,,,,,,,,,,
COELA,2,execute,1_put_remotecontrol_keys_watch_box,FloorPlan201,1,0.667,30,18,254.872,0,0.667,0.4,0.3,0,1,8,4,"NavigateTo(Box_1, KeyChain_1)|NavigateTo(KeyChain_1)|NavigateTo(RemoteControl_1)|NavigateTo(Watch_1)|PickupObject(KeyChain_1)|PickupObject(RemoteControl_1)|PickupObject(Watch_1)|PutObject(Box_1, KeyChain_1)",,,,,,,,,,,,,,,,,,
COELA,1,execute,1_put_vase_tissuebox_remotecontrol_table,FloorPlan201,1,1,30,25,198.188,1,1,1,0.2,1,1,6,0,NavigateTo(RemoteControl_1)|NavigateTo(TissueBox_1)|NavigateTo(Vase_1)|PickupObject(RemoteControl_1)|PickupObject(TissueBox_1)|PickupObject(Vase_1),,,,,,,,,,,,,,,,,,
COELA,2,execute,1_put_vase_tissuebox_remotecontrol_table,FloorPlan201,1,1,14,6,231.553,1,1,1,0.857,1,1,6,0,NavigateTo(RemoteControl_1)|NavigateTo(TissueBox_1)|NavigateTo(Vase_1)|PickupObject(RemoteControl_1)|PickupObject(TissueBox_1)|PickupObject(Vase_1),,,,,,,,,,,,,,,,,,
COELA,1,execute,1_slice_bread_lettuce_tomato_egg,FloorPlan1,1,0.875,30,17,243.227,0,0.875,0.286,0.4,0,1,7,1,NavigateTo(Bread_1)|NavigateTo(Egg_1)|NavigateTo(Lettuce_1)|NavigateTo(Tomato_1)|SliceObject(Bread_1)|SliceObject(Egg_1)|SliceObject(Tomato_1),,,,,,,,,,,,,,,,,,
COELA,2,execute,1_slice_bread_lettuce_tomato_egg,FloorPlan1,1,0.875,30,19,319.074,0,0.875,0,0.3,0,1,7,1,NavigateTo(Bread_1)|NavigateTo(Egg_1)|NavigateTo(Lettuce_1)|NavigateTo(Tomato_1)|SliceObject(Bread_1)|SliceObject(Egg_1)|SliceObject(Lettuce_1),,,,,,,,,,,,,,,,,,
COELA,1,execute,1_turn_off_faucet_light,FloorPlan1,1,1,19,17,188.078,1,1,0.286,0.579,1,1,4,0,NavigateTo(Faucet_1)|NavigateTo(LightSwitch_1)|ToggleObjectOff(Faucet_1)|ToggleObjectOff(LightSwitch_1),,,,,,,,,,,,,,,,,,
COELA,2,execute,1_turn_off_faucet_light,FloorPlan1,1,1,4,2,48.544,1,1,0,1,1,1,4,0,NavigateTo(Faucet_1)|NavigateTo(LightSwitch_1)|ToggleObjectOff(Faucet_1)|ToggleObjectOff(LightSwitch_1),,,,,,,,,,,,,,,,,,
COELA,1,execute,1_wash_bowl_mug_pot_pan,FloorPlan1,1,0.5,30,18,340.645,0,0.5,0.5,0.333,0,1,4,4,NavigateTo(Bowl_1)|NavigateTo(Mug_1)|NavigateTo(Pan_1)|NavigateTo(Pot_1),,,,,,,,,,,,,,,,,,
COELA,2,execute,1_wash_bowl_mug_pot_pan,FloorPlan1,1,0.875,30,16,351.66,0,0.875,1,0.4,0,1,7,1,CleanObject(Bowl_1)|CleanObject(Mug_1)|CleanObject(Pan_1)|NavigateTo(Bowl_1)|NavigateTo(Mug_1)|NavigateTo(Pan_1)|NavigateTo(Pot_1),,,,,,,,,,,,,,,,,,
COELA,1,execute,2_open_all_drawers,FloorPlan1,1,0.722,40,15,303.694,0,0.722,0.286,0.325,0,1,13,5,NavigateTo(Drawer_1)|NavigateTo(Drawer_2)|NavigateTo(Drawer_3)|NavigateTo(Drawer_4)|NavigateTo(Drawer_7)|NavigateTo(Drawer_8)|NavigateTo(Drawer_9)|OpenObject(Drawer_2)|OpenObject(Drawer_3)|OpenObject(Drawer_4)|OpenObject(Drawer_7)|OpenObject(Drawer_8)|OpenObject(Drawer_9),,,,,,,,,,,,,,,,,,
COELA,2,execute,2_open_all_drawers,FloorPlan1,0.889,0.333,40,15,215.889,0,0.333,0.333,0.15,0,0.889,6,12,NavigateTo(Drawer_1)|NavigateTo(Drawer_4)|NavigateTo(Drawer_5)|NavigateTo(Drawer_7)|OpenObject(Drawer_1)|OpenObject(Drawer_4),,,,,,,,,,,,,,,,,,
COELA,1,execute,2_close_all_cabinets,FloorPlan1,1,1,25,9,302.666,1,1,0.778,0.96,1,1,18,0,CloseObject(Cabinet_1)|CloseObject(Cabinet_2)|CloseObject(Cabinet_3)|CloseObject(Cabinet_4)|CloseObject(Cabinet_5)|CloseObject(Cabinet_6)|CloseObject(Cabinet_7)|CloseObject(Cabinet_8)|CloseObject(Cabinet_9)|NavigateTo(Cabinet_1)|NavigateTo(Cabinet_2)|NavigateTo(Cabinet_3)|NavigateTo(Cabinet_4)|NavigateTo(Cabinet_5)|NavigateTo(Cabinet_6)|NavigateTo(Cabinet_7)|NavigateTo(Cabinet_8)|NavigateTo(Cabinet_9),,,,,,,,,,,,,,,,,,
COELA,2,execute,2_close_all_cabinets,FloorPlan1,1,0.889,40,17,335.205,0,0.889,0.556,0.55,0,1,16,2,CloseObject(Cabinet_1)|CloseObject(Cabinet_3)|CloseObject(Cabinet_4)|CloseObject(Cabinet_5)|CloseObject(Cabinet_7)|CloseObject(Cabinet_8)|CloseObject(Cabinet_9)|NavigateTo(Cabinet_1)|NavigateTo(Cabinet_2)|NavigateTo(Cabinet_3)|NavigateTo(Cabinet_4)|NavigateTo(Cabinet_5)|NavigateTo(Cabinet_6)|NavigateTo(Cabinet_7)|NavigateTo(Cabinet_8)|NavigateTo(Cabinet_9),,,,,,,,,,,,,,,,,,
COELA,1,execute,2_turn_on_all_stove_knobs,FloorPlan1,1,0.625,40,21,210.095,0,0.625,0,0.15,0,1,5,3,NavigateTo(StoveKnob_1)|NavigateTo(StoveKnob_2)|NavigateTo(StoveKnob_4)|ToggleObjectOn(StoveKnob_2)|ToggleObjectOn(StoveKnob_4),,,,,,,,,,,,,,,,,,
COELA,2,execute,2_turn_on_all_stove_knobs,FloorPlan1,1,1,29,17,232.186,1,1,0.5,0.276,1,1,8,0,NavigateTo(StoveKnob_1)|NavigateTo(StoveKnob_2)|NavigateTo(StoveKnob_3)|NavigateTo(StoveKnob_4)|ToggleObjectOn(StoveKnob_1)|ToggleObjectOn(StoveKnob_2)|ToggleObjectOn(StoveKnob_3)|ToggleObjectOn(StoveKnob_4),,,,,,,,,,,,,,,,,,
COELA,1,execute,3_put_all_groceries_fridge,FloorPlan1,1,0.591,50,30,428.838,0,0.591,0.25,0.52,0,1,13,9,"CloseObject(Fridge_1)|NavigateTo(Apple_1)|NavigateTo(Bread_1)|NavigateTo(Fridge_1, Apple_1)|NavigateTo(Fridge_1, Lettuce_1)|NavigateTo(Fridge_1, Tomato_1)|NavigateTo(Lettuce_1)|NavigateTo(Potato_1)|NavigateTo(Tomato_1)|OpenObject(Fridge_1)|PutObject(Fridge_1, Apple_1)|PutObject(Fridge_1, Lettuce_1)|PutObject(Fridge_1, Tomato_1)",,,,,,,,,,,,,,,,,,
COELA,2,execute,3_put_all_groceries_fridge,FloorPlan1,1,0.318,50,31,484.625,0,0.318,0.571,0.34,0,1,7,15,"NavigateTo(Apple_1)|NavigateTo(Bread_1)|NavigateTo(Fridge_1, Apple_1)|NavigateTo(Fridge_1, Tomato_1)|NavigateTo(Lettuce_1)|NavigateTo(Potato_1)|NavigateTo(Tomato_1)",,,,,,,,,,,,,,,,,,
COELA,1,execute,3_put_all_groceries_fridge,FloorPlan1,1,0.318,40,15,372.087,0,0.318,0.286,0.35,0,1,7,15,"NavigateTo(Apple_1)|NavigateTo(Bread_1)|NavigateTo(Fridge_1, Apple_1)|NavigateTo(Fridge_1, Lettuce_1)|NavigateTo(Lettuce_1)|NavigateTo(Potato_1)|NavigateTo(Tomato_1)",,,,,,,,,,,,,,,,,,
COELA,2,execute,3_put_all_groceries_fridge,FloorPlan1,1,0.455,40,23,420.054,0,0.455,0.556,0.525,0,1,10,12,"NavigateTo(Apple_1)|NavigateTo(Bread_1)|NavigateTo(Fridge_1, Potato_1)|NavigateTo(Fridge_1, Tomato_1)|NavigateTo(Lettuce_1)|NavigateTo(Potato_1)|NavigateTo(Tomato_1)|OpenObject(Fridge_1)|PutObject(Fridge_1, Potato_1)|PutObject(Fridge_1, Tomato_1)",,,,,,,,,,,,,,,,,,
COELA,1,execute,3_put_all_shakers_fridge,FloorPlan1,1,0.7,40,20,283.026,0,0.7,0.25,0.4,0,1,7,3,"NavigateTo(Fridge_1, PepperShaker_1)|NavigateTo(Fridge_1, SaltShaker_1)|NavigateTo(PepperShaker_1)|NavigateTo(SaltShaker_1)|OpenObject(Fridge_1)|PutObject(Fridge_1, PepperShaker_1)|PutObject(Fridge_1, SaltShaker_1)",,,,,,,,,,,,,,,,,,
COELA,2,execute,3_put_all_shakers_fridge,FloorPlan1,1,0.4,40,25,425.458,0,0.4,0.312,0.65,0,1,4,6,CloseObject(Fridge_1)|NavigateTo(PepperShaker_1)|NavigateTo(SaltShaker_1)|OpenObject(Fridge_1),,,,,,,,,,,,,,,,,,
COELA,1,execute,3_put_all_silverware_drawer,FloorPlan2,0.368,0.227,40,20,314.459,0,0.227,0.5,0.375,0,0.368,5,17,"NavigateTo(ButterKnife_1)|NavigateTo(Drawer_3, Knife_1)|NavigateTo(Fork_1)|NavigateTo(Knife_1)|NavigateTo(Spoon_1)",,,,,,,,,,,,,,,,,,
COELA,2,execute,3_put_all_silverware_drawer,FloorPlan2,0.474,0.227,40,19,335.797,0,0.227,0.333,0.475,0,0.474,5,17,"NavigateTo(ButterKnife_1)|NavigateTo(Drawer_3, Spoon_1)|NavigateTo(Fork_1)|NavigateTo(Knife_1)|NavigateTo(Spoon_1)",,,,,,,,,,,,,,,,,,
COELA,1,execute,3_put_all_school_supplies_sofa,FloorPlan201,0.8,0.25,40,33,283.442,0,0.25,0.5,0.225,0,0.8,4,12,"NavigateTo(Book_1)|NavigateTo(Pen_1)|NavigateTo(Pencil_1)|NavigateTo(Sofa_1, Book_1)",,,,,,,,,,,,,,,,,,
COELA,2,execute,3_put_all_school_supplies_sofa,FloorPlan201,0.8,0.25,40,15,189.853,0,0.25,0.625,0.5,0,0.8,4,12,"NavigateTo(Pen_1)|NavigateTo(Pencil_1)|NavigateTo(Sofa_1, Pen_1)|NavigateTo(Sofa_1, Pencil_1)",,,,,,,,,,,,,,,,,,
COELA,1,execute,3_clear_table_to_sofa,FloorPlan201,0.6,0.25,40,18,293.221,0,0.25,0.5,0.3,0,0.6,3,9,"NavigateTo(Book_1)|NavigateTo(Bowl_1)|NavigateTo(Sofa_1, Bowl_1)",,,,,,,,,,,,,,,,,,
COELA,2,execute,3_clear_table_to_sofa,FloorPlan201,0.8,0.25,40,25,372.142,0,0.25,0.4,0.275,0,0.8,3,9,"NavigateTo(Book_1)|NavigateTo(Bowl_1)|NavigateTo(Sofa_1, Bowl_1)",,,,,,,,,,,,,,,,,,
COELA,1,execute,4_clear_countertop_kitchen,FloorPlan1,0.2,0.059,40,28,370.747,0,0.059,0.429,0.4,0,0.2,1,16,NavigateTo(Apple_1),,,,,,,,,,,,,,,,,,
COELA,2,execute,4_clear_countertop_kitchen,FloorPlan1,0.4,0.118,40,17,444.374,0,0.118,0.556,0.55,0,0.4,2,15,NavigateTo(Apple_1)|NavigateTo(ButterKnife_1),,,,,,,,,,,,,,,,,,
COELA,1,execute,4_clear_table_kitchen,FloorPlan4,0.167,0.04,40,25,252.698,0,0.04,0.429,0.375,0,0.167,1,24,OpenObject(Fridge_1),,,,,,,,,,,,,,,,,,
COELA,2,execute,4_clear_table_kitchen,FloorPlan4,0.667,0.16,40,17,284.784,0,0.16,0.636,0.65,0,0.667,4,21,NavigateTo(ButterKnife_1)|NavigateTo(Fork_1)|NavigateTo(Spoon_1)|OpenObject(Fridge_1),,,,,,,,,,,,,,,,,,
COELA,1,execute,4_clear_countertop_kitchen,FloorPlan1,0.6,0.294,40,28,306.484,0,0.294,0.3,0.45,0,0.6,5,12,"NavigateTo(Apple_1)|NavigateTo(ButterKnife_1)|NavigateTo(Fridge_1, Apple_1)|OpenObject(Fridge_1)|PutObject(Fridge_1, Apple_1)",,,,,,,,,,,,,,,,,,
COELA,2,execute,4_clear_countertop_kitchen,FloorPlan1,0.6,0.059,40,17,396.282,0,0.059,0.714,0.45,0,0.6,1,16,NavigateTo(Apple_1),,,,,,,,,,,,,,,,,,
COELA,1,execute,4_clear_couch_livingroom,FloorPlan201,0.143,0.045,40,23,415.423,0,0.045,0.556,0.5,0,0.143,1,21,NavigateTo(Book_1),,,,,,,,,,,,,,,,,,
COELA,2,execute,4_clear_couch_livingroom,FloorPlan201,0.286,0.045,40,18,396.344,0,0.045,0.6,0.6,0,0.286,1,21,NavigateTo(Book_1),,,,,,,,,,,,,,,,,,
COELA,1,execute,4_make_livingroom_dark,FloorPlan201,1,0.5,40,32,414.935,0,0.5,0.158,0.7,0,1,1,1,NavigateTo(LightSwitch_1),,,,,,,,,,,,,,,,,,
COELA,2,execute,4_make_livingroom_dark,FloorPlan201,1,1,40,25,460.966,1,1,0.444,0.5,1,1,2,0,NavigateTo(LightSwitch_1)|ToggleObjectOff(LightSwitch_1),,,,,,,,,,,,,,,,,,
COELA,1,execute,4_slice_all_sliceable,FloorPlan1,0.5,0.417,40,24,265.367,0,0.417,0.333,0.3,0,0.5,5,7,NavigateTo(Apple_1)|NavigateTo(Bread_1)|NavigateTo(Tomato_1)|SliceObject(Bread_1)|SliceObject(Tomato_1),,,,,,,,,,,,,,,,,,
COELA,2,execute,4_slice_all_sliceable,FloorPlan1,0.833,0.667,40,18,336.461,0,0.667,0.667,0.35,0,0.833,8,4,NavigateTo(Apple_1)|NavigateTo(Bread_1)|NavigateTo(Lettuce_1)|NavigateTo(Potato_1)|NavigateTo(Tomato_1)|SliceObject(Apple_1)|SliceObject(Bread_1)|SliceObject(Tomato_1),,,,,,,,,,,,,,,,,,
COELA,1,execute,4_put_appropriate_storage,FloorPlan2,0.421,0,40,27,288.449,0,0,0.2,0.25,0,0.421,0,22,,,,,,,,,,,,,,,,,,,
COELA,2,execute,4_put_appropriate_storage,FloorPlan2,0.737,0,40,23,360.508,0,0,0.75,0.275,0,0.737,0,22,,,,,,,,,,,,,,,,,,,
,,,,,,,,,,,,,,,,,,,,,,,,,,,,,,,,,,,,
,,,,,,,,,,,,,,,,,,,,,,,,,,,,,,,,,,,,
,,,,,,,,,,,,,,,,,,,,,,,,,,,,,,,,,,,,
